point_id,corridor,hour,avg_speed,avg_congestion,max_congestion,avg_delay_seconds,samples,temperature,relative_humidity,precipitation,rain,wind_speed,pm2_5,pm10,carbon_monoxide,nitrogen_dioxide,us_aqi
AY-01,Koridor A. Yani,2026-09-28 06:00:00+00,39.333332,0.1259,0.1333,6.6666665,3,31.4,56,0,0,17.6,15.9,17.9,352,5.9,82
AY-02,Koridor A. Yani,2026-09-28 06:00:00+00,49.333332,0.086433336,0.1296,3.6666667,3,31.4,56,0,0,17.6,15.9,17.9,352,5.9,82
AY-03,Koridor A. Yani,2026-09-28 06:00:00+00,42.666668,0.11113334,0.1875,5.6666665,3,31.4,56,0,0,17.6,15.9,17.9,352,5.9,82
DR-01,Koridor Darmo - Tunjungan,2026-09-28 06:00:00+00,52,0.1333,0.1833,5.6666665,3,31.4,56,0,0,17.6,15.9,17.9,352,5.9,82
DR-02,Koridor Darmo - Tunjungan,2026-09-28 06:00:00+00,45.666668,0.10456667,0.1569,5.3333335,3,31.4,56,0,0,17.6,15.9,17.9,352,5.9,82
DR-03,Koridor Darmo - Tunjungan,2026-09-28 06:00:00+00,40.333332,0.14183334,0.1702,7.3333335,3,31.4,56,0,0,17.6,15.9,17.9,352,5.9,82
MR-01,Koridor MERR,2026-09-28 06:00:00+00,47.666668,0.06536667,0.1373,3.3333333,3,31.4,56,0,0,17.6,15.9,17.9,352,5.9,82
MR-02,Koridor MERR,2026-09-28 06:00:00+00,38.333332,0.08726667,0.0952,5.3333335,3,31.4,56,0,0,17.6,15.9,17.9,352,5.9,82
MR-03,Koridor MERR,2026-09-28 06:00:00+00,39.666668,0.0985,0.1591,5.3333335,3,31.4,56,0,0,17.6,15.9,17.9,352,5.9,82
AY-01,Koridor A. Yani,2026-09-28 07:00:00+00,39.76271,0.116388135,0.1778,6.2881355,59,30.9,56,0,0,20.1,14.8,17.5,406,7,83
AY-02,Koridor A. Yani,2026-09-28 07:00:00+00,48.084747,0.10954407,0.2037,5.016949,59,30.9,56,0,0,20.1,14.8,17.5,406,7,83
AY-03,Koridor A. Yani,2026-09-28 07:00:00+00,42.57627,0.11299831,0.1875,5.8135595,59,30.9,56,0,0,20.1,14.8,17.5,406,7,83
DR-01,Koridor Darmo - Tunjungan,2026-09-28 07:00:00+00,53.20339,0.11327458,0.1833,4.745763,59,30.9,56,0,0,20.1,14.8,17.5,406,7,83
DR-02,Koridor Darmo - Tunjungan,2026-09-28 07:00:00+00,44.949154,0.118640676,0.1961,6.0677967,59,30.9,56,0,0,20.1,14.8,17.5,406,7,83
DR-03,Koridor Darmo - Tunjungan,2026-09-28 07:00:00+00,41.881355,0.10891017,0.1915,5.7118645,59,30.9,56,0,0,20.1,14.8,17.5,406,7,83
MR-01,Koridor MERR,2026-09-28 07:00:00+00,45.525425,0.10733559,0.1961,5.4915257,59,30.9,56,0,0,20.1,14.8,17.5,406,7,83
MR-02,Koridor MERR,2026-09-28 07:00:00+00,37.050846,0.117832206,0.1905,7.4745765,59,30.9,56,0,0,20.1,14.8,17.5,406,7,83
MR-03,Koridor MERR,2026-09-28 07:00:00+00,39.135593,0.11056101,0.2045,6.3050847,59,30.9,56,0,0,20.1,14.8,17.5,406,7,83
AY-01,Koridor A. Yani,2026-09-28 08:00:00+00,34.18182,0.2404,0.3778,16.09091,11,30.5,56,0,0,20.7,13.6,15.9,477,9.2,83
AY-02,Koridor A. Yani,2026-09-28 08:00:00+00,40.909092,0.24242727,0.3519,13.090909,11,30.5,56,0,0,20.7,13.6,15.9,477,9.2,83
AY-03,Koridor A. Yani,2026-09-28 08:00:00+00,37.909092,0.21022728,0.3125,12.454545,11,30.5,56,0,0,20.7,13.6,15.9,477,9.2,83
DR-01,Koridor Darmo - Tunjungan,2026-09-28 08:00:00+00,47.81818,0.20301819,0.3,9.363636,11,30.5,56,0,0,20.7,13.6,15.9,477,9.2,83
DR-02,Koridor Darmo - Tunjungan,2026-09-28 08:00:00+00,40.18182,0.21211818,0.3137,12.181818,11,30.5,56,0,0,20.7,13.6,15.9,477,9.2,83
DR-03,Koridor Darmo - Tunjungan,2026-09-28 08:00:00+00,37.454544,0.20308182,0.3404,12.181818,11,30.5,56,0,0,20.7,13.6,15.9,477,9.2,83
MR-01,Koridor MERR,2026-09-28 08:00:00+00,39.363636,0.22816363,0.3529,13.090909,11,30.5,56,0,0,20.7,13.6,15.9,477,9.2,83
MR-02,Koridor MERR,2026-09-28 08:00:00+00,32.090908,0.23592727,0.3333,16.90909,11,30.5,56,0,0,20.7,13.6,15.9,477,9.2,83
MR-03,Koridor MERR,2026-09-28 08:00:00+00,35,0.20453636,0.3409,13.181818,11,30.5,56,0,0,20.7,13.6,15.9,477,9.2,83
AY-01,Koridor A. Yani,2026-09-28 09:00:00+00,22.029411,0.5104544,0.6667,52.25,68,29.9,61,0,0,19.5,13.9,16.2,513,12.8,83
AY-02,Koridor A. Yani,2026-09-28 09:00:00+00,26.294117,0.5130706,0.6481,43.64706,68,29.9,61,0,0,19.5,13.9,16.2,513,12.8,83
AY-03,Koridor A. Yani,2026-09-28 09:00:00+00,23.397058,0.5125603,0.6458,49.14706,68,29.9,61,0,0,19.5,13.9,16.2,513,12.8,83
DR-01,Koridor Darmo - Tunjungan,2026-09-28 09:00:00+00,29.514706,0.50809556,0.6667,38.632355,68,29.9,61,0,0,19.5,13.9,16.2,513,12.8,83
DR-02,Koridor Darmo - Tunjungan,2026-09-28 09:00:00+00,24.985294,0.5100897,0.6471,45.955883,68,29.9,61,0,0,19.5,13.9,16.2,513,12.8,83
DR-03,Koridor Darmo - Tunjungan,2026-09-28 09:00:00+00,23.058823,0.5093853,0.6383,49.60294,68,29.9,61,0,0,19.5,13.9,16.2,513,12.8,83
MR-01,Koridor MERR,2026-09-28 09:00:00+00,24.794117,0.5138397,0.6275,46.691177,68,29.9,61,0,0,19.5,13.9,16.2,513,12.8,83
MR-02,Koridor MERR,2026-09-28 09:00:00+00,20.220589,0.51855,0.6429,57.941177,68,29.9,61,0,0,19.5,13.9,16.2,513,12.8,83
MR-03,Koridor MERR,2026-09-28 09:00:00+00,21.92647,0.5016706,0.6591,52.132355,68,29.9,61,0,0,19.5,13.9,16.2,513,12.8,83
AY-01,Koridor A. Yani,2026-09-28 10:00:00+00,14.772727,0.6717182,0.7778,102.23637,110,29.2,65,0,0,18.3,15.9,18,481,18.9,83
AY-02,Koridor A. Yani,2026-09-28 10:00:00+00,17.545454,0.67508,0.7778,86.59091,110,29.2,65,0,0,18.3,15.9,18,481,18.9,83
AY-03,Koridor A. Yani,2026-09-28 10:00:00+00,15.590909,0.6751882,0.7708,97.56364,110,29.2,65,0,0,18.3,15.9,18,481,18.9,83
DR-01,Koridor Darmo - Tunjungan,2026-09-28 10:00:00+00,19.127274,0.6812118,0.7833,80.17273,110,29.2,65,0,0,18.3,15.9,18,481,18.9,83
DR-02,Koridor Darmo - Tunjungan,2026-09-28 10:00:00+00,16.49091,0.67666453,0.7647,93.22727,110,29.2,65,0,0,18.3,15.9,18,481,18.9,83
DR-03,Koridor Darmo - Tunjungan,2026-09-28 10:00:00+00,15.154546,0.6775691,0.766,100.163635,110,29.2,65,0,0,18.3,15.9,18,481,18.9,83
MR-01,Koridor MERR,2026-09-28 10:00:00+00,16.363636,0.67916274,0.7647,93.93636,110,29.2,65,0,0,18.3,15.9,18,481,18.9,83
MR-02,Koridor MERR,2026-09-28 10:00:00+00,13.6,0.6761973,0.7857,112.75455,110,29.2,65,0,0,18.3,15.9,18,481,18.9,83
MR-03,Koridor MERR,2026-09-28 10:00:00+00,14.036364,0.68098634,0.7727,109.01818,110,29.2,65,0,0,18.3,15.9,18,481,18.9,83
AY-01,Koridor A. Yani,2026-09-28 11:00:00+00,17.071428,0.62063575,0.7111,82.14286,14,29,66,0,0,16.6,19.2,21.1,415,26.3,83
AY-02,Koridor A. Yani,2026-09-28 11:00:00+00,20.571428,0.6190357,0.7222,69.85714,14,29,66,0,0,16.6,19.2,21.1,415,26.3,83
AY-03,Koridor A. Yani,2026-09-28 11:00:00+00,18.857143,0.60715,0.7292,73.92857,14,29,66,0,0,16.6,19.2,21.1,415,26.3,83
DR-01,Koridor Darmo - Tunjungan,2026-09-28 11:00:00+00,21.857143,0.6357143,0.7333,65.64286,14,29,66,0,0,16.6,19.2,21.1,415,26.3,83
DR-02,Koridor Darmo - Tunjungan,2026-09-28 11:00:00+00,17.571428,0.6554857,0.7451,84.28571,14,29,66,0,0,16.6,19.2,21.1,415,26.3,83
DR-03,Koridor Darmo - Tunjungan,2026-09-28 11:00:00+00,16.857143,0.6413429,0.7447,87.78571,14,29,66,0,0,16.6,19.2,21.1,415,26.3,83
MR-01,Koridor MERR,2026-09-28 11:00:00+00,18.857143,0.63027143,0.7451,77.28571,14,29,66,0,0,16.6,19.2,21.1,415,26.3,83
MR-02,Koridor MERR,2026-09-28 11:00:00+00,15.571428,0.62925714,0.7143,91.57143,14,29,66,0,0,16.6,19.2,21.1,415,26.3,83
MR-03,Koridor MERR,2026-09-28 11:00:00+00,15.928572,0.63797146,0.75,92,14,29,66,0,0,16.6,19.2,21.1,415,26.3,83
AY-01,Koridor A. Yani,2026-09-28 12:00:00+00,31.373737,0.30280504,0.4667,21.717173,99,29.3,69,0,0,16.7,18.9,20.2,357,23.5,83
AY-02,Koridor A. Yani,2026-09-28 12:00:00+00,37.82828,0.2994778,0.4259,17.666666,99,29.3,69,0,0,16.7,18.9,20.2,357,23.5,83
AY-03,Koridor A. Yani,2026-09-28 12:00:00+00,33.9899,0.29187676,0.4375,19.222221,99,29.3,69,0,0,16.7,18.9,20.2,357,23.5,83
DR-01,Koridor Darmo - Tunjungan,2026-09-28 12:00:00+00,42.49495,0.2917485,0.4833,15.323233,99,29.3,69,0,0,16.7,18.9,20.2,357,23.5,83
DR-02,Koridor Darmo - Tunjungan,2026-09-28 12:00:00+00,36.333332,0.28758082,0.451,18.181818,99,29.3,69,0,0,16.7,18.9,20.2,357,23.5,83
DR-03,Koridor Darmo - Tunjungan,2026-09-28 12:00:00+00,32.89899,0.3000111,0.4681,20.50505,99,29.3,69,0,0,16.7,18.9,20.2,357,23.5,83
MR-01,Koridor MERR,2026-09-28 12:00:00+00,36.252525,0.2891606,0.451,18.222221,99,29.3,69,0,0,16.7,18.9,20.2,357,23.5,83
MR-02,Koridor MERR,2026-09-28 12:00:00+00,29.60606,0.2950889,0.4524,22.818182,99,29.3,69,0,0,16.7,18.9,20.2,357,23.5,83
MR-03,Koridor MERR,2026-09-28 12:00:00+00,31.030304,0.29476565,0.4773,21.555555,99,29.3,69,0,0,16.7,18.9,20.2,357,23.5,83
AY-01,Koridor A. Yani,2026-09-28 13:00:00+00,38.763638,0.13858908,0.2444,7.918182,110,28.7,72,0,0,16.8,18,19.3,327,22.6,84
AY-02,Koridor A. Yani,2026-09-28 13:00:00+00,46.52727,0.13838,0.2593,6.572727,110,28.7,72,0,0,16.8,18,19.3,327,22.6,84
AY-03,Koridor A. Yani,2026-09-28 13:00:00+00,40.936363,0.1471609,0.25,7.836364,110,28.7,72,0,0,16.8,18,19.3,327,22.6,84
DR-01,Koridor Darmo - Tunjungan,2026-09-28 13:00:00+00,51.21818,0.14636455,0.2667,6.3636365,110,28.7,72,0,0,16.8,18,19.3,327,22.6,84
DR-02,Koridor Darmo - Tunjungan,2026-09-28 13:00:00+00,43.51818,0.14670454,0.2549,7.7454543,110,28.7,72,0,0,16.8,18,19.3,327,22.6,84
DR-03,Koridor Darmo - Tunjungan,2026-09-28 13:00:00+00,40.336365,0.14178364,0.2553,7.6454544,110,28.7,72,0,0,16.8,18,19.3,327,22.6,84
MR-01,Koridor MERR,2026-09-28 13:00:00+00,43.68182,0.14349636,0.2549,7.581818,110,28.7,72,0,0,16.8,18,19.3,327,22.6,84
MR-02,Koridor MERR,2026-09-28 13:00:00+00,36.00909,0.14264092,0.2381,9.209091,110,28.7,72,0,0,16.8,18,19.3,327,22.6,84
MR-03,Koridor MERR,2026-09-28 13:00:00+00,37.68182,0.14359455,0.25,8.463636,110,28.7,72,0,0,16.8,18,19.3,327,22.6,84
AY-01,Koridor A. Yani,2026-09-28 14:00:00+00,40.07843,0.10937549,0.1778,5.882353,102,28.3,75,0,0,16.4,17.8,19.1,307,21.2,83
AY-02,Koridor A. Yani,2026-09-28 14:00:00+00,48.54902,0.10094118,0.1852,4.607843,102,28.3,75,0,0,16.4,17.8,19.1,307,21.2,83
AY-03,Koridor A. Yani,2026-09-28 14:00:00+00,42.490196,0.11479314,0.1875,5.9215684,102,28.3,75,0,0,16.4,17.8,19.1,307,21.2,83
DR-01,Koridor Darmo - Tunjungan,2026-09-28 14:00:00+00,53.72549,0.104576476,0.1833,4.352941,102,28.3,75,0,0,16.4,17.8,19.1,307,21.2,83
DR-02,Koridor Darmo - Tunjungan,2026-09-28 14:00:00+00,45.77451,0.1024549,0.1765,5.22549,102,28.3,75,0,0,16.4,17.8,19.1,307,21.2,83
DR-03,Koridor Darmo - Tunjungan,2026-09-28 14:00:00+00,42.284313,0.10033922,0.1915,5.127451,102,28.3,75,0,0,16.4,17.8,19.1,307,21.2,83
MR-01,Koridor MERR,2026-09-28 14:00:00+00,45.519608,0.10745784,0.1765,5.480392,102,28.3,75,0,0,16.4,17.8,19.1,307,21.2,83
MR-02,Koridor MERR,2026-09-28 14:00:00+00,37.568626,0.105498046,0.1905,6.627451,102,28.3,75,0,0,16.4,17.8,19.1,307,21.2,83
MR-03,Koridor MERR,2026-09-28 14:00:00+00,39.42157,0.10406274,0.1818,5.8039217,102,28.3,75,0,0,16.4,17.8,19.1,307,21.2,83
AY-01,Koridor A. Yani,2026-09-29 01:00:00+00,23.5,0.47778067,0.6222,45.340908,88,29.3,67,0,0,16.6,17.8,20.8,421,15.6,74
AY-02,Koridor A. Yani,2026-09-29 01:00:00+00,27.977272,0.48190454,0.6481,38.909092,88,29.3,67,0,0,16.6,17.8,20.8,421,15.6,74
AY-03,Koridor A. Yani,2026-09-29 01:00:00+00,24.829546,0.48271817,0.6667,44.090908,88,29.3,67,0,0,16.6,17.8,20.8,421,15.6,74
DR-01,Koridor Darmo - Tunjungan,2026-09-29 01:00:00+00,30.261364,0.49564317,0.6667,37.397728,88,29.3,67,0,0,16.6,17.8,20.8,421,15.6,74
DR-02,Koridor Darmo - Tunjungan,2026-09-29 01:00:00+00,26.363636,0.4830659,0.6667,42.011364,88,29.3,67,0,0,16.6,17.8,20.8,421,15.6,74
DR-03,Koridor Darmo - Tunjungan,2026-09-29 01:00:00+00,23.920454,0.49105227,0.6596,46.465908,88,29.3,67,0,0,16.6,17.8,20.8,421,15.6,74
MR-01,Koridor MERR,2026-09-29 01:00:00+00,25.90909,0.49197274,0.6667,43.625,88,29.3,67,0,0,16.6,17.8,20.8,421,15.6,74
MR-02,Koridor MERR,2026-09-29 01:00:00+00,21.65909,0.48430908,0.6429,51.613636,88,29.3,67,0,0,16.6,17.8,20.8,421,15.6,74
MR-03,Koridor MERR,2026-09-29 01:00:00+00,22.579546,0.48682386,0.6364,48.647728,88,29.3,67,0,0,16.6,17.8,20.8,421,15.6,74
AY-01,Koridor A. Yani,2026-09-29 02:00:00+00,33.484848,0.25588685,0.4222,17.151516,99,29.8,66,0,0,16.4,16.4,20,357,11.2,73
AY-02,Koridor A. Yani,2026-09-29 02:00:00+00,39.919193,0.26075655,0.4259,14.565657,99,29.8,66,0,0,16.4,16.4,20,357,11.2,73
AY-03,Koridor A. Yani,2026-09-29 02:00:00+00,35.9899,0.25021717,0.4167,15.565657,99,29.8,66,0,0,16.4,16.4,20,357,11.2,73
DR-01,Koridor Darmo - Tunjungan,2026-09-29 02:00:00+00,44.61616,0.25640202,0.4167,12.717172,99,29.8,66,0,0,16.4,16.4,20,357,11.2,73
DR-02,Koridor Darmo - Tunjungan,2026-09-29 02:00:00+00,37.959595,0.25569496,0.4314,15.40404,99,29.8,66,0,0,16.4,16.4,20,357,11.2,73
DR-03,Koridor Darmo - Tunjungan,2026-09-29 02:00:00+00,34.79798,0.25960907,0.4043,16.656565,99,29.8,66,0,0,16.4,16.4,20,357,11.2,73
MR-01,Koridor MERR,2026-09-29 02:00:00+00,37.545456,0.26380807,0.4118,15.909091,99,29.8,66,0,0,16.4,16.4,20,357,11.2,73
MR-02,Koridor MERR,2026-09-29 02:00:00+00,30.878788,0.26479194,0.4048,19.666666,99,29.8,66,0,0,16.4,16.4,20,357,11.2,73
MR-03,Koridor MERR,2026-09-29 02:00:00+00,32.727272,0.256201,0.4091,17.60606,99,29.8,66,0,0,16.4,16.4,20,357,11.2,73
AY-01,Koridor A. Yani,2026-09-29 03:00:00+00,39.566265,0.120751806,0.2,6.5783134,83,30.2,65,0,0,15.9,16.1,19.7,314,7.8,73
AY-02,Koridor A. Yani,2026-09-29 03:00:00+00,47.06024,0.12851085,0.2222,5.9397593,83,30.2,65,0,0,15.9,16.1,19.7,314,7.8,73
AY-03,Koridor A. Yani,2026-09-29 03:00:00+00,42.20482,0.12073374,0.2083,6.240964,83,30.2,65,0,0,15.9,16.1,19.7,314,7.8,73
DR-01,Koridor Darmo - Tunjungan,2026-09-29 03:00:00+00,52.891567,0.118466265,0.2,4.9638553,83,30.2,65,0,0,15.9,16.1,19.7,314,7.8,73
DR-02,Koridor Darmo - Tunjungan,2026-09-29 03:00:00+00,44.86747,0.120245785,0.2157,6.3012047,83,30.2,65,0,0,15.9,16.1,19.7,314,7.8,73
DR-03,Koridor Darmo - Tunjungan,2026-09-29 03:00:00+00,41.325302,0.12073976,0.2128,6.3012047,83,30.2,65,0,0,15.9,16.1,19.7,314,7.8,73
MR-01,Koridor MERR,2026-09-29 03:00:00+00,44.638554,0.12473494,0.2157,6.481928,83,30.2,65,0,0,15.9,16.1,19.7,314,7.8,73
MR-02,Koridor MERR,2026-09-29 03:00:00+00,37.144577,0.11559759,0.2143,7.3493977,83,30.2,65,0,0,15.9,16.1,19.7,314,7.8,73
MR-03,Koridor MERR,2026-09-29 03:00:00+00,38.903614,0.11583132,0.2045,6.6506023,83,30.2,65,0,0,15.9,16.1,19.7,314,7.8,73
AY-01,Koridor A. Yani,2026-09-29 04:00:00+00,40.618183,0.09737818,0.1778,5.2090907,110,30.5,63,0,0,15.3,15.7,18.6,316,6,72
AY-02,Koridor A. Yani,2026-09-29 04:00:00+00,48.745453,0.09730727,0.1852,4.409091,110,30.5,63,0,0,15.3,15.7,18.6,316,6,72
AY-03,Koridor A. Yani,2026-09-29 04:00:00+00,43.563637,0.09242546,0.1875,4.663636,110,30.5,63,0,0,15.3,15.7,18.6,316,6,72
DR-01,Koridor Darmo - Tunjungan,2026-09-29 04:00:00+00,53.98182,0.10030182,0.1833,4.1272726,110,30.5,63,0,0,15.3,15.7,18.6,316,6,72
DR-02,Koridor Darmo - Tunjungan,2026-09-29 04:00:00+00,45.71818,0.103556365,0.1765,5.2818184,110,30.5,63,0,0,15.3,15.7,18.6,316,6,72
DR-03,Koridor Darmo - Tunjungan,2026-09-29 04:00:00+00,42.154545,0.1031,0.1915,5.2727275,110,30.5,63,0,0,15.3,15.7,18.6,316,6,72
MR-01,Koridor MERR,2026-09-29 04:00:00+00,45.754547,0.10284727,0.1765,5.2454543,110,30.5,63,0,0,15.3,15.7,18.6,316,6,72
MR-02,Koridor MERR,2026-09-29 04:00:00+00,37.636364,0.103888184,0.1905,6.5636363,110,30.5,63,0,0,15.3,15.7,18.6,316,6,72
MR-03,Koridor MERR,2026-09-29 04:00:00+00,39.409092,0.10434455,0.1818,5.836364,110,30.5,63,0,0,15.3,15.7,18.6,316,6,72
AY-01,Koridor A. Yani,2026-09-29 05:00:00+00,40.24138,0.10575172,0.1778,5.7586207,29,30.8,62,0,0,16.3,15.7,18.3,339,5.2,72
AY-02,Koridor A. Yani,2026-09-29 05:00:00+00,49.03448,0.09195518,0.1852,4.137931,29,30.8,62,0,0,16.3,15.7,18.3,339,5.2,72
AY-03,Koridor A. Yani,2026-09-29 05:00:00+00,43.37931,0.09626207,0.1667,4.827586,29,30.8,62,0,0,16.3,15.7,18.3,339,5.2,72
DR-01,Koridor Darmo - Tunjungan,2026-09-29 05:00:00+00,53.96552,0.100572415,0.1833,4.137931,29,30.8,62,0,0,16.3,15.7,18.3,339,5.2,72
DR-02,Koridor Darmo - Tunjungan,2026-09-29 05:00:00+00,45.172413,0.11426207,0.1765,5.827586,29,30.8,62,0,0,16.3,15.7,18.3,339,5.2,72
DR-03,Koridor Darmo - Tunjungan,2026-09-29 05:00:00+00,42.58621,0.09391724,0.1702,4.793103,29,30.8,62,0,0,16.3,15.7,18.3,339,5.2,72
MR-01,Koridor MERR,2026-09-29 05:00:00+00,45.62069,0.105468966,0.1765,5.37931,29,30.8,62,0,0,16.3,15.7,18.3,339,5.2,72
MR-02,Koridor MERR,2026-09-29 05:00:00+00,37.827587,0.099337935,0.1667,6.275862,29,30.8,62,0,0,16.3,15.7,18.3,339,5.2,72
MR-03,Koridor MERR,2026-09-29 05:00:00+00,40.172413,0.086993106,0.1364,4.6551723,29,30.8,62,0,0,16.3,15.7,18.3,339,5.2,72
AY-01,Koridor A. Yani,2026-09-29 06:00:00+00,41.083332,0.08703611,0.1778,4.5833335,36,31.4,58,0,0,18.5,16.6,19.3,373,5.4,72
AY-02,Koridor A. Yani,2026-09-29 06:00:00+00,47.444443,0.12139723,0.1852,5.5833335,36,31.4,58,0,0,18.5,16.6,19.3,373,5.4,72
AY-03,Koridor A. Yani,2026-09-29 06:00:00+00,43.083332,0.10243333,0.1875,5.25,36,31.4,58,0,0,18.5,16.6,19.3,373,5.4,72
DR-01,Koridor Darmo - Tunjungan,2026-09-29 06:00:00+00,54.02778,0.099533334,0.1833,4.1666665,36,31.4,58,0,0,18.5,16.6,19.3,373,5.4,72
DR-02,Koridor Darmo - Tunjungan,2026-09-29 06:00:00+00,46.166668,0.09475277,0.1765,4.8333335,36,31.4,58,0,0,18.5,16.6,19.3,373,5.4,72
DR-03,Koridor Darmo - Tunjungan,2026-09-29 06:00:00+00,42.36111,0.09870278,0.1489,5,36,31.4,58,0,0,18.5,16.6,19.3,373,5.4,72
MR-01,Koridor MERR,2026-09-29 06:00:00+00,46.11111,0.09585556,0.1765,4.888889,36,31.4,58,0,0,18.5,16.6,19.3,373,5.4,72
MR-02,Koridor MERR,2026-09-29 06:00:00+00,37.555557,0.10581389,0.1905,6.6666665,36,31.4,58,0,0,18.5,16.6,19.3,373,5.4,72
MR-03,Koridor MERR,2026-09-29 06:00:00+00,40.25,0.08523889,0.1818,4.611111,36,31.4,58,0,0,18.5,16.6,19.3,373,5.4,72
AY-01,Koridor A. Yani,2026-09-29 07:00:00+00,40.25,0.105550006,0.1333,5.5,4,31.2,58,0,0,20.6,18.6,21.5,434,6.6,72
AY-02,Koridor A. Yani,2026-09-29 07:00:00+00,48,0.111125,0.1852,5,4,31.2,58,0,0,20.6,18.6,21.5,434,6.6,72
AY-03,Koridor A. Yani,2026-09-29 07:00:00+00,44,0.08335,0.1667,4.25,4,31.2,58,0,0,20.6,18.6,21.5,434,6.6,72
DR-01,Koridor Darmo - Tunjungan,2026-09-29 07:00:00+00,54,0.099975005,0.15,3.75,4,31.2,58,0,0,20.6,18.6,21.5,434,6.6,72
DR-02,Koridor Darmo - Tunjungan,2026-09-29 07:00:00+00,47.5,0.0686,0.1176,3.5,4,31.2,58,0,0,20.6,18.6,21.5,434,6.6,72
DR-03,Koridor Darmo - Tunjungan,2026-09-29 07:00:00+00,39,0.170225,0.1915,9.5,4,31.2,58,0,0,20.6,18.6,21.5,434,6.6,72
MR-01,Koridor MERR,2026-09-29 07:00:00+00,45,0.117625,0.1765,6,4,31.2,58,0,0,20.6,18.6,21.5,434,6.6,72
MR-02,Koridor MERR,2026-09-29 07:00:00+00,38,0.09525,0.1429,6,4,31.2,58,0,0,20.6,18.6,21.5,434,6.6,72
MR-03,Koridor MERR,2026-09-29 07:00:00+00,38.25,0.130675,0.1591,7.25,4,31.2,58,0,0,20.6,18.6,21.5,434,6.6,72
AY-01,Koridor A. Yani,2026-09-29 08:00:00+00,34,0.244425,0.2889,16,4,30.7,60,0,0,20,20.8,24.2,506,8.9,72
AY-02,Koridor A. Yani,2026-09-29 08:00:00+00,44.75,0.17130001,0.2037,8.25,4,30.7,60,0,0,20,20.8,24.2,506,8.9,72
AY-03,Koridor A. Yani,2026-09-29 08:00:00+00,40,0.166675,0.2083,9,4,30.7,60,0,0,20,20.8,24.2,506,8.9,72
DR-01,Koridor Darmo - Tunjungan,2026-09-29 08:00:00+00,48,0.200025,0.2667,9,4,30.7,60,0,0,20,20.8,24.2,506,8.9,72
DR-02,Koridor Darmo - Tunjungan,2026-09-29 08:00:00+00,43,0.156875,0.1961,8.25,4,30.7,60,0,0,20,20.8,24.2,506,8.9,72
DR-03,Koridor Darmo - Tunjungan,2026-09-29 08:00:00+00,36.75,0.218075,0.2766,13.25,4,30.7,60,0,0,20,20.8,24.2,506,8.9,72
MR-01,Koridor MERR,2026-09-29 08:00:00+00,41.75,0.181375,0.2549,10,4,30.7,60,0,0,20,20.8,24.2,506,8.9,72
MR-02,Koridor MERR,2026-09-29 08:00:00+00,33.5,0.2024,0.2381,13.75,4,30.7,60,0,0,20,20.8,24.2,506,8.9,72
MR-03,Koridor MERR,2026-09-29 08:00:00+00,36.25,0.176125,0.25,10.75,4,30.7,60,0,0,20,20.8,24.2,506,8.9,72
AY-01,Koridor A. Yani,2026-09-29 09:00:00+00,23.317074,0.48184267,0.6444,46.780487,82,29.8,64,0,0,18.2,22.4,25.5,535,12.4,73
AY-02,Koridor A. Yani,2026-09-29 09:00:00+00,28.414635,0.4738,0.6296,37.69512,82,29.8,64,0,0,18.2,22.4,25.5,535,12.4,73
AY-03,Koridor A. Yani,2026-09-29 09:00:00+00,24.914635,0.4809439,0.625,43.463413,82,29.8,64,0,0,18.2,22.4,25.5,535,12.4,73
DR-01,Koridor Darmo - Tunjungan,2026-09-29 09:00:00+00,31.036585,0.4827244,0.65,35.26829,82,29.8,64,0,0,18.2,22.4,25.5,535,12.4,73
DR-02,Koridor Darmo - Tunjungan,2026-09-29 09:00:00+00,26.45122,0.48134634,0.6275,41.378048,82,29.8,64,0,0,18.2,22.4,25.5,535,12.4,73
DR-03,Koridor Darmo - Tunjungan,2026-09-29 09:00:00+00,24.90244,0.4701634,0.6383,42.82927,82,29.8,64,0,0,18.2,22.4,25.5,535,12.4,73
MR-01,Koridor MERR,2026-09-29 09:00:00+00,26.54878,0.4794378,0.6275,41.085365,82,29.8,64,0,0,18.2,22.4,25.5,535,12.4,73
MR-02,Koridor MERR,2026-09-29 09:00:00+00,22.45122,0.46544877,0.6429,47.560974,82,29.8,64,0,0,18.2,22.4,25.5,535,12.4,73
MR-03,Koridor MERR,2026-09-29 09:00:00+00,23.036585,0.4764378,0.6591,46.865852,82,29.8,64,0,0,18.2,22.4,25.5,535,12.4,73
AY-01,Koridor A. Yani,2026-09-29 10:00:00+00,13,0.7111,0.7111,118,1,29,68,0,0,17.6,25.3,28.6,480,18.2,73
AY-02,Koridor A. Yani,2026-09-29 10:00:00+00,14,0.7407,0.7407,114,1,29,68,0,0,17.6,25.3,28.6,480,18.2,73
AY-03,Koridor A. Yani,2026-09-29 10:00:00+00,18,0.625,0.625,75,1,29,68,0,0,17.6,25.3,28.6,480,18.2,73
DR-01,Koridor Darmo - Tunjungan,2026-09-29 10:00:00+00,16,0.7333,0.7333,99,1,29,68,0,0,17.6,25.3,28.6,480,18.2,73
DR-02,Koridor Darmo - Tunjungan,2026-09-29 10:00:00+00,16,0.6863,0.6863,93,1,29,68,0,0,17.6,25.3,28.6,480,18.2,73
DR-03,Koridor Darmo - Tunjungan,2026-09-29 10:00:00+00,11,0.766,0.766,150,1,29,68,0,0,17.6,25.3,28.6,480,18.2,73
MR-01,Koridor MERR,2026-09-29 10:00:00+00,19,0.6275,0.6275,72,1,29,68,0,0,17.6,25.3,28.6,480,18.2,73
MR-02,Koridor MERR,2026-09-29 10:00:00+00,13,0.6905,0.6905,115,1,29,68,0,0,17.6,25.3,28.6,480,18.2,73
MR-03,Koridor MERR,2026-09-29 10:00:00+00,13,0.7045,0.7045,117,1,29,68,0,0,17.6,25.3,28.6,480,18.2,73
AY-01,Koridor A. Yani,2026-09-29 11:00:00+00,21.90625,0.51318747,0.6889,53.34375,32,28.5,72,0,0,19.6,29.2,32.5,383,25.1,74
AY-02,Koridor A. Yani,2026-09-29 11:00:00+00,26.65625,0.5063656,0.6852,42.5,32,28.5,72,0,0,19.6,29.2,32.5,383,25.1,74
AY-03,Koridor A. Yani,2026-09-29 11:00:00+00,23.625,0.5078094,0.6875,49.28125,32,28.5,72,0,0,19.6,29.2,32.5,383,25.1,74
DR-01,Koridor Darmo - Tunjungan,2026-09-29 11:00:00+00,29.90625,0.5015594,0.65,37.59375,32,28.5,72,0,0,19.6,29.2,32.5,383,25.1,74
DR-02,Koridor Darmo - Tunjungan,2026-09-29 11:00:00+00,24.59375,0.517775,0.7059,48.03125,32,28.5,72,0,0,19.6,29.2,32.5,383,25.1,74
DR-03,Koridor Darmo - Tunjungan,2026-09-29 11:00:00+00,23.71875,0.49534374,0.7021,48,32,28.5,72,0,0,19.6,29.2,32.5,383,25.1,74
MR-01,Koridor MERR,2026-09-29 11:00:00+00,25.21875,0.50552815,0.7255,47.125,32,28.5,72,0,0,19.6,29.2,32.5,383,25.1,74
MR-02,Koridor MERR,2026-09-29 11:00:00+00,20.6875,0.50745,0.7143,56.6875,32,28.5,72,0,0,19.6,29.2,32.5,383,25.1,74
MR-03,Koridor MERR,2026-09-29 11:00:00+00,21.5,0.5113625,0.7273,54.5625,32,28.5,72,0,0,19.6,29.2,32.5,383,25.1,74
AY-01,Koridor A. Yani,2026-09-29 12:00:00+00,31.336363,0.30364,0.4667,21.845455,110,28.8,75,0,0,19.8,21.8,23.4,310,22.5,75
AY-02,Koridor A. Yani,2026-09-29 12:00:00+00,37.71818,0.30151364,0.463,17.972727,110,28.8,75,0,0,19.8,21.8,23.4,310,22.5,75
AY-03,Koridor A. Yani,2026-09-29 12:00:00+00,33.68182,0.29829547,0.5,20.072727,110,28.8,75,0,0,19.8,21.8,23.4,310,22.5,75
DR-01,Koridor Darmo - Tunjungan,2026-09-29 12:00:00+00,41.8,0.30333,0.4833,16.263636,110,28.8,75,0,0,19.8,21.8,23.4,310,22.5,75
DR-02,Koridor Darmo - Tunjungan,2026-09-29 12:00:00+00,35.418182,0.30552456,0.4706,19.818182,110,28.8,75,0,0,19.8,21.8,23.4,310,22.5,75
DR-03,Koridor Darmo - Tunjungan,2026-09-29 12:00:00+00,32.645454,0.30541182,0.4894,21.172728,110,28.8,75,0,0,19.8,21.8,23.4,310,22.5,75
MR-01,Koridor MERR,2026-09-29 12:00:00+00,35.636364,0.30124363,0.4706,19.363636,110,28.8,75,0,0,19.8,21.8,23.4,310,22.5,75
MR-02,Koridor MERR,2026-09-29 12:00:00+00,29.10909,0.30692455,0.5,24.181818,110,28.8,75,0,0,19.8,21.8,23.4,310,22.5,75
MR-03,Koridor MERR,2026-09-29 12:00:00+00,30.645454,0.30351365,0.5,22.563637,110,28.8,75,0,0,19.8,21.8,23.4,310,22.5,75
AY-01,Koridor A. Yani,2026-09-29 13:00:00+00,38.254547,0.1499,0.2444,8.636364,110,28.5,73,0,0,18.7,22.8,24.6,297,21.8,75
AY-02,Koridor A. Yani,2026-09-29 13:00:00+00,46.409092,0.14056727,0.2407,6.6,110,28.5,73,0,0,18.7,22.8,24.6,297,21.8,75
AY-03,Koridor A. Yani,2026-09-29 13:00:00+00,40.71818,0.15170364,0.2708,8.090909,110,28.5,73,0,0,18.7,22.8,24.6,297,21.8,75
DR-01,Koridor Darmo - Tunjungan,2026-09-29 13:00:00+00,51.2,0.14666818,0.25,6.3818183,110,28.5,73,0,0,18.7,22.8,24.6,297,21.8,75
DR-02,Koridor Darmo - Tunjungan,2026-09-29 13:00:00+00,43.99091,0.1374309,0.2549,7.2636366,110,28.5,73,0,0,18.7,22.8,24.6,297,21.8,75
DR-03,Koridor Darmo - Tunjungan,2026-09-29 13:00:00+00,40.372726,0.14101455,0.2766,7.609091,110,28.5,73,0,0,18.7,22.8,24.6,297,21.8,75
MR-01,Koridor MERR,2026-09-29 13:00:00+00,43.581818,0.14545909,0.2353,7.672727,110,28.5,73,0,0,18.7,22.8,24.6,297,21.8,75
MR-02,Koridor MERR,2026-09-29 13:00:00+00,36.081818,0.14090636,0.2381,9.063637,110,28.5,73,0,0,18.7,22.8,24.6,297,21.8,75
MR-03,Koridor MERR,2026-09-29 13:00:00+00,37.845455,0.13987455,0.25,8.272727,110,28.5,73,0,0,18.7,22.8,24.6,297,21.8,75
AY-01,Koridor A. Yani,2026-09-29 14:00:00+00,40.572727,0.09838091,0.1778,5.2363634,110,28.2,72,0,0,17.6,23.5,25.2,309,20.9,75
AY-02,Koridor A. Yani,2026-09-29 14:00:00+00,48.18182,0.10774273,0.1852,4.9363637,110,28.2,72,0,0,17.6,23.5,25.2,309,20.9,75
AY-03,Koridor A. Yani,2026-09-29 14:00:00+00,42.97273,0.10473909,0.1875,5.318182,110,28.2,72,0,0,17.6,23.5,25.2,309,20.9,75
DR-01,Koridor Darmo - Tunjungan,2026-09-29 14:00:00+00,54.445454,0.09257182,0.1833,3.7636364,110,28.2,72,0,0,17.6,23.5,25.2,309,20.9,75
DR-02,Koridor Darmo - Tunjungan,2026-09-29 14:00:00+00,45.78182,0.10231364,0.1765,5.2181816,110,28.2,72,0,0,17.6,23.5,25.2,309,20.9,75
DR-03,Koridor Darmo - Tunjungan,2026-09-29 14:00:00+00,41.79091,0.11082818,0.1915,5.7090907,110,28.2,72,0,0,17.6,23.5,25.2,309,20.9,75
MR-01,Koridor MERR,2026-09-29 14:00:00+00,45.354546,0.110691816,0.1961,5.6545453,110,28.2,72,0,0,17.6,23.5,25.2,309,20.9,75
MR-02,Koridor MERR,2026-09-29 14:00:00+00,37.454544,0.10822,0.1905,6.8,110,28.2,72,0,0,17.6,23.5,25.2,309,20.9,75
MR-03,Koridor MERR,2026-09-29 14:00:00+00,39.154545,0.11013363,0.1818,6.181818,110,28.2,72,0,0,17.6,23.5,25.2,309,20.9,75
AY-01,Koridor A. Yani,2026-09-29 15:00:00+00,40.48182,0.10040636,0.1778,5.390909,110,28.1,71,0,0,17.7,24.5,26.1,312,20,76
AY-02,Koridor A. Yani,2026-09-29 15:00:00+00,49.01818,0.09225455,0.1852,4.2090907,110,28.1,71,0,0,17.7,24.5,26.1,312,20,76
AY-03,Koridor A. Yani,2026-09-29 15:00:00+00,43.390907,0.09602091,0.1667,4.927273,110,28.1,71,0,0,17.7,24.5,26.1,312,20,76
DR-01,Koridor Darmo - Tunjungan,2026-09-29 15:00:00+00,54.436363,0.09272909,0.1833,3.8,110,28.1,71,0,0,17.7,24.5,26.1,312,20,76
DR-02,Koridor Darmo - Tunjungan,2026-09-29 15:00:00+00,45.736362,0.10320273,0.1765,5.2636366,110,28.1,71,0,0,17.7,24.5,26.1,312,20,76
DR-03,Koridor Darmo - Tunjungan,2026-09-29 15:00:00+00,42.50909,0.09555636,0.1702,4.818182,110,28.1,71,0,0,17.7,24.5,26.1,312,20,76
MR-01,Koridor MERR,2026-09-29 15:00:00+00,46.1,0.09607091,0.1765,4.9,110,28.1,71,0,0,17.7,24.5,26.1,312,20,76
MR-02,Koridor MERR,2026-09-29 15:00:00+00,37.8,0.09998637,0.1905,6.2545457,110,28.1,71,0,0,17.7,24.5,26.1,312,20,76
MR-03,Koridor MERR,2026-09-29 15:00:00+00,39.51818,0.10186455,0.1818,5.7181816,110,28.1,71,0,0,17.7,24.5,26.1,312,20,76
AY-01,Koridor A. Yani,2026-09-29 16:00:00+00,40,0.11111111,0.1778,6.0740743,27,27.9,71,0,0,17.5,25.3,27,285,18.9,76
AY-02,Koridor A. Yani,2026-09-29 16:00:00+00,48.74074,0.09738889,0.1852,4.4074073,27,27.9,71,0,0,17.5,25.3,27,285,18.9,76
AY-03,Koridor A. Yani,2026-09-29 16:00:00+00,43.22222,0.09954074,0.1875,5,27,27.9,71,0,0,17.5,25.3,27,285,18.9,76
DR-01,Koridor Darmo - Tunjungan,2026-09-29 16:00:00+00,54.48148,0.09197407,0.1833,3.7777777,27,27.9,71,0,0,17.5,25.3,27,285,18.9,76
DR-02,Koridor Darmo - Tunjungan,2026-09-29 16:00:00+00,46.074074,0.09658148,0.1765,4.9259257,27,27.9,71,0,0,17.5,25.3,27,285,18.9,76
DR-03,Koridor Darmo - Tunjungan,2026-09-29 16:00:00+00,43.148148,0.081962965,0.1702,4.111111,27,27.9,71,0,0,17.5,25.3,27,285,18.9,76
MR-01,Koridor MERR,2026-09-29 16:00:00+00,45.444443,0.10892592,0.1765,5.5555553,27,27.9,71,0,0,17.5,25.3,27,285,18.9,76
MR-02,Koridor MERR,2026-09-29 16:00:00+00,38.074074,0.09346667,0.1905,5.814815,27,27.9,71,0,0,17.5,25.3,27,285,18.9,76
MR-03,Koridor MERR,2026-09-29 16:00:00+00,39.296295,0.106907405,0.1818,5.9259257,27,27.9,71,0,0,17.5,25.3,27,285,18.9,76
AY-01,Koridor A. Yani,2026-09-29 17:00:00+00,39.75,0.116675004,0.1556,6.5,4,27.8,70,0,0,15.5,26.5,28.5,248,17.8,77
AY-02,Koridor A. Yani,2026-09-29 17:00:00+00,47.5,0.12037501,0.1667,5.5,4,27.8,70,0,0,15.5,26.5,28.5,248,17.8,77
AY-03,Koridor A. Yani,2026-09-29 17:00:00+00,43,0.104175,0.1667,5.25,4,27.8,70,0,0,15.5,26.5,28.5,248,17.8,77
DR-01,Koridor Darmo - Tunjungan,2026-09-29 17:00:00+00,55.25,0.07915,0.1833,3.25,4,27.8,70,0,0,15.5,26.5,28.5,248,17.8,77
DR-02,Koridor Darmo - Tunjungan,2026-09-29 17:00:00+00,44.75,0.122525,0.1569,6.25,4,27.8,70,0,0,15.5,26.5,28.5,248,17.8,77
DR-03,Koridor Darmo - Tunjungan,2026-09-29 17:00:00+00,41.75,0.1117,0.1702,5.5,4,27.8,70,0,0,15.5,26.5,28.5,248,17.8,77
MR-01,Koridor MERR,2026-09-29 17:00:00+00,45.75,0.102925,0.1373,5.25,4,27.8,70,0,0,15.5,26.5,28.5,248,17.8,77
MR-02,Koridor MERR,2026-09-29 17:00:00+00,36.5,0.13095,0.1667,8.5,4,27.8,70,0,0,15.5,26.5,28.5,248,17.8,77
MR-03,Koridor MERR,2026-09-29 17:00:00+00,38.5,0.125,0.1591,7,4,27.8,70,0,0,15.5,26.5,28.5,248,17.8,77
AY-01,Koridor A. Yani,2026-09-29 18:00:00+00,41.833332,0.07035,0.1556,3.6666667,6,27.5,69,0,0,13.6,29.5,31.7,226,17.7,78
AY-02,Koridor A. Yani,2026-09-29 18:00:00+00,48.333332,0.10491667,0.1481,4.8333335,6,27.5,69,0,0,13.6,29.5,31.7,226,17.7,78
AY-03,Koridor A. Yani,2026-09-29 18:00:00+00,43.333332,0.09725,0.1667,4.8333335,6,27.5,69,0,0,13.6,29.5,31.7,226,17.7,78
DR-01,Koridor Darmo - Tunjungan,2026-09-29 18:00:00+00,55.5,0.075,0.1667,3,6,27.5,69,0,0,13.6,29.5,31.7,226,17.7,78
DR-02,Koridor Darmo - Tunjungan,2026-09-29 18:00:00+00,46.333332,0.091466665,0.1176,4.6666665,6,27.5,69,0,0,13.6,29.5,31.7,226,17.7,78
DR-03,Koridor Darmo - Tunjungan,2026-09-29 18:00:00+00,44,0.06385,0.1277,3.1666667,6,27.5,69,0,0,13.6,29.5,31.7,226,17.7,78
MR-01,Koridor MERR,2026-09-29 18:00:00+00,44.5,0.12746666,0.1765,6.5,6,27.5,69,0,0,13.6,29.5,31.7,226,17.7,78
MR-02,Koridor MERR,2026-09-29 18:00:00+00,36.666668,0.12698334,0.1667,8,6,27.5,69,0,0,13.6,29.5,31.7,226,17.7,78
MR-03,Koridor MERR,2026-09-29 18:00:00+00,39.333332,0.10606667,0.1591,5.8333335,6,27.5,69,0,0,13.6,29.5,31.7,226,17.7,78
AY-01,Koridor A. Yani,2026-09-29 19:00:00+00,39.5,0.122225,0.1556,6.75,4,27.3,70,0,0,11.8,34.5,36.8,227,19.5,79
AY-02,Koridor A. Yani,2026-09-29 19:00:00+00,48.25,0.10645001,0.1481,5,4,27.3,70,0,0,11.8,34.5,36.8,227,19.5,79
AY-03,Koridor A. Yani,2026-09-29 19:00:00+00,44,0.08335,0.1667,4.25,4,27.3,70,0,0,11.8,34.5,36.8,227,19.5,79
DR-01,Koridor Darmo - Tunjungan,2026-09-29 19:00:00+00,54.5,0.091675,0.1667,3.75,4,27.3,70,0,0,11.8,34.5,36.8,227,19.5,79
DR-02,Koridor Darmo - Tunjungan,2026-09-29 19:00:00+00,45.25,0.11275,0.1373,5.75,4,27.3,70,0,0,11.8,34.5,36.8,227,19.5,79
DR-03,Koridor Darmo - Tunjungan,2026-09-29 19:00:00+00,42.5,0.095750004,0.1489,5,4,27.3,70,0,0,11.8,34.5,36.8,227,19.5,79
MR-01,Koridor MERR,2026-09-29 19:00:00+00,46.25,0.0931,0.1176,4.75,4,27.3,70,0,0,11.8,34.5,36.8,227,19.5,79
MR-02,Koridor MERR,2026-09-29 19:00:00+00,38.75,0.077350006,0.119,4.75,4,27.3,70,0,0,11.8,34.5,36.8,227,19.5,79
MR-03,Koridor MERR,2026-09-29 19:00:00+00,41,0.068175,0.1136,3.5,4,27.3,70,0,0,11.8,34.5,36.8,227,19.5,79
AY-01,Koridor A. Yani,2026-09-29 20:00:00+00,39.8,0.11558,0.1778,6.4,5,27.2,70,0,0,10.7,40.5,43.1,244,22.3,80
AY-02,Koridor A. Yani,2026-09-29 20:00:00+00,47.2,0.12594001,0.1667,5.8,5,27.2,70,0,0,10.7,40.5,43.1,244,22.3,80
AY-03,Koridor A. Yani,2026-09-29 20:00:00+00,43.2,0.10002,0.125,4.8,5,27.2,70,0,0,10.7,40.5,43.1,244,22.3,80
DR-01,Koridor Darmo - Tunjungan,2026-09-29 20:00:00+00,54,0.10002,0.1667,4.2,5,27.2,70,0,0,10.7,40.5,43.1,244,22.3,80
DR-02,Koridor Darmo - Tunjungan,2026-09-29 20:00:00+00,43.8,0.14118,0.1765,7.2,5,27.2,70,0,0,10.7,40.5,43.1,244,22.3,80
DR-03,Koridor Darmo - Tunjungan,2026-09-29 20:00:00+00,41.8,0.11064,0.1915,5.8,5,27.2,70,0,0,10.7,40.5,43.1,244,22.3,80
MR-01,Koridor MERR,2026-09-29 20:00:00+00,45.2,0.11374,0.1373,5.8,5,27.2,70,0,0,10.7,40.5,43.1,244,22.3,80
MR-02,Koridor MERR,2026-09-29 20:00:00+00,36.8,0.12382001,0.1667,7.8,5,27.2,70,0,0,10.7,40.5,43.1,244,22.3,80
MR-03,Koridor MERR,2026-09-29 20:00:00+00,39.6,0.1,0.1364,5.6,5,27.2,70,0,0,10.7,40.5,43.1,244,22.3,80
AY-01,Koridor A. Yani,2026-09-29 21:00:00+00,39,0.13333334,0.1778,7.3333335,3,27.1,69,0,0,10.5,46,48.8,280,24.5,81
AY-02,Koridor A. Yani,2026-09-29 21:00:00+00,45.666668,0.15433334,0.2037,7.3333335,3,27.1,69,0,0,10.5,46,48.8,280,24.5,81
AY-03,Koridor A. Yani,2026-09-29 21:00:00+00,40.333332,0.15973333,0.1875,8.333333,3,27.1,69,0,0,10.5,46,48.8,280,24.5,81
DR-01,Koridor Darmo - Tunjungan,2026-09-29 21:00:00+00,54,0.100033335,0.1667,4.3333335,3,27.1,69,0,0,10.5,46,48.8,280,24.5,81
DR-02,Koridor Darmo - Tunjungan,2026-09-29 21:00:00+00,45.333332,0.1111,0.1373,5.6666665,3,27.1,69,0,0,10.5,46,48.8,280,24.5,81
DR-03,Koridor Darmo - Tunjungan,2026-09-29 21:00:00+00,41.666668,0.113466665,0.1489,6,3,27.1,69,0,0,10.5,46,48.8,280,24.5,81
MR-01,Koridor MERR,2026-09-29 21:00:00+00,45.666668,0.10456666,0.1569,5.3333335,3,27.1,69,0,0,10.5,46,48.8,280,24.5,81
MR-02,Koridor MERR,2026-09-29 21:00:00+00,36.666668,0.12696667,0.1905,8,3,27.1,69,0,0,10.5,46,48.8,280,24.5,81
MR-03,Koridor MERR,2026-09-29 21:00:00+00,39.666668,0.0985,0.1591,5.3333335,3,27.1,69,0,0,10.5,46,48.8,280,24.5,81
AY-01,Koridor A. Yani,2026-09-29 23:00:00+00,19,0.57774997,0.6444,68.5,2,27.7,67,0,0,13.7,63.6,66.6,453,26.9,83
AY-02,Koridor A. Yani,2026-09-29 23:00:00+00,22,0.5926,0.6296,59,2,27.7,67,0,0,13.7,63.6,66.6,453,26.9,83
AY-03,Koridor A. Yani,2026-09-29 23:00:00+00,18.5,0.6146,0.625,72,2,27.7,67,0,0,13.7,63.6,66.6,453,26.9,83
DR-01,Koridor Darmo - Tunjungan,2026-09-29 23:00:00+00,22.5,0.625,0.6333,60,2,27.7,67,0,0,13.7,63.6,66.6,453,26.9,83
DR-02,Koridor Darmo - Tunjungan,2026-09-29 23:00:00+00,23,0.549,0.6078,53.5,2,27.7,67,0,0,13.7,63.6,66.6,453,26.9,83
DR-03,Koridor Darmo - Tunjungan,2026-09-29 23:00:00+00,21.5,0.54254997,0.5532,54.5,2,27.7,67,0,0,13.7,63.6,66.6,453,26.9,83
MR-01,Koridor MERR,2026-09-29 23:00:00+00,23,0.549,0.5686,52,2,27.7,67,0,0,13.7,63.6,66.6,453,26.9,83
MR-02,Koridor MERR,2026-09-29 23:00:00+00,17,0.5952,0.619,76.5,2,27.7,67,0,0,13.7,63.6,66.6,453,26.9,83
MR-03,Koridor MERR,2026-09-29 23:00:00+00,22,0.5,0.5,49,2,27.7,67,0,0,13.7,63.6,66.6,453,26.9,83
AY-01,Koridor A. Yani,2026-09-30 00:00:00+00,13.979798,0.68933636,0.7778,110.77778,99,28.8,66,0,0,16.3,54.7,60.1,507,20.2,84
AY-02,Koridor A. Yani,2026-09-30 00:00:00+00,16.929293,0.6864849,0.7778,91.171715,99,28.8,66,0,0,16.3,54.7,60.1,507,20.2,84
AY-03,Koridor A. Yani,2026-09-30 00:00:00+00,15.070707,0.6860283,0.7708,101.72727,99,28.8,66,0,0,16.3,54.7,60.1,507,20.2,84
DR-01,Koridor Darmo - Tunjungan,2026-09-30 00:00:00+00,19.161615,0.68063736,0.7667,79.29293,99,28.8,66,0,0,16.3,54.7,60.1,507,20.2,84
DR-02,Koridor Darmo - Tunjungan,2026-09-30 00:00:00+00,16.212122,0.68213534,0.7647,94.16161,99,28.8,66,0,0,16.3,54.7,60.1,507,20.2,84
DR-03,Koridor Darmo - Tunjungan,2026-09-30 00:00:00+00,14.989899,0.6810717,0.7872,101.48485,99,28.8,66,0,0,16.3,54.7,60.1,507,20.2,84
MR-01,Koridor MERR,2026-09-30 00:00:00+00,16.10101,0.6843111,0.7843,95.43434,99,28.8,66,0,0,16.3,54.7,60.1,507,20.2,84
MR-02,Koridor MERR,2026-09-30 00:00:00+00,13.272727,0.6839929,0.7857,116.07071,99,28.8,66,0,0,16.3,54.7,60.1,507,20.2,84
MR-03,Koridor MERR,2026-09-30 00:00:00+00,13.767676,0.68709594,0.7727,112.20202,99,28.8,66,0,0,16.3,54.7,60.1,507,20.2,84
AY-01,Koridor A. Yani,2026-09-30 01:00:00+00,22.00909,0.5109073,0.6889,53.872726,110,29.6,61,0,0,15.7,45.6,51.2,477,16.4,86
AY-02,Koridor A. Yani,2026-09-30 01:00:00+00,26.127274,0.5161618,0.6852,45.245453,110,29.6,61,0,0,15.7,45.6,51.2,477,16.4,86
AY-03,Koridor A. Yani,2026-09-30 01:00:00+00,23.6,0.5083309,0.6875,49.71818,110,29.6,61,0,0,15.7,45.6,51.2,477,16.4,86
DR-01,Koridor Darmo - Tunjungan,2026-09-30 01:00:00+00,29.3,0.51167,0.6833,40.609093,110,29.6,61,0,0,15.7,45.6,51.2,477,16.4,86
DR-02,Koridor Darmo - Tunjungan,2026-09-30 01:00:00+00,25.3,0.5039164,0.6863,46.554546,110,29.6,61,0,0,15.7,45.6,51.2,477,16.4,86
DR-03,Koridor Darmo - Tunjungan,2026-09-30 01:00:00+00,22.972727,0.5112227,0.6809,51.254547,110,29.6,61,0,0,15.7,45.6,51.2,477,16.4,86
MR-01,Koridor MERR,2026-09-30 01:00:00+00,24.636364,0.51693547,0.7059,48.99091,110,29.6,61,0,0,15.7,45.6,51.2,477,16.4,86
MR-02,Koridor MERR,2026-09-30 01:00:00+00,20.445454,0.5132036,0.6905,58.109093,110,29.6,61,0,0,15.7,45.6,51.2,477,16.4,86
MR-03,Koridor MERR,2026-09-30 01:00:00+00,21.763636,0.5053727,0.6818,53.5,110,29.6,61,0,0,15.7,45.6,51.2,477,16.4,86
AY-01,Koridor A. Yani,2026-09-30 02:00:00+00,32.898552,0.26891884,0.4222,18.449276,69,30.3,58,0,0,15.5,41,46.3,406,11.2,89
AY-02,Koridor A. Yani,2026-09-30 02:00:00+00,39.536232,0.26785073,0.3889,15.173913,69,30.3,58,0,0,15.5,41,46.3,406,11.2,89
AY-03,Koridor A. Yani,2026-09-30 02:00:00+00,35.36232,0.26328406,0.3958,16.782608,69,30.3,58,0,0,15.5,41,46.3,406,11.2,89
DR-01,Koridor Darmo - Tunjungan,2026-09-30 02:00:00+00,43.95652,0.2673942,0.4,13.681159,69,30.3,58,0,0,15.5,41,46.3,406,11.2,89
DR-02,Koridor Darmo - Tunjungan,2026-09-30 02:00:00+00,37.391304,0.26683187,0.4314,16.52174,69,30.3,58,0,0,15.5,41,46.3,406,11.2,89
DR-03,Koridor Darmo - Tunjungan,2026-09-30 02:00:00+00,34.898552,0.25747102,0.4255,16.637682,69,30.3,58,0,0,15.5,41,46.3,406,11.2,89
MR-01,Koridor MERR,2026-09-30 02:00:00+00,37.391304,0.2668261,0.4118,16.463768,69,30.3,58,0,0,15.5,41,46.3,406,11.2,89
MR-02,Koridor MERR,2026-09-30 02:00:00+00,30.913044,0.26397538,0.381,19.623188,69,30.3,58,0,0,15.5,41,46.3,406,11.2,89
MR-03,Koridor MERR,2026-09-30 02:00:00+00,32.36232,0.26450145,0.4091,18.57971,69,30.3,58,0,0,15.5,41,46.3,406,11.2,89
AY-01,Koridor A. Yani,2026-09-30 03:00:00+00,39.090908,0.13131636,0.2222,7.390909,110,31,52,0,0,15.7,36.2,41.4,353,7.2,91
AY-02,Koridor A. Yani,2026-09-30 03:00:00+00,46.48182,0.13922545,0.2407,6.5272727,110,31,52,0,0,15.7,36.2,41.4,353,7.2,91
AY-03,Koridor A. Yani,2026-09-30 03:00:00+00,41.7,0.13124909,0.2083,6.827273,110,31,52,0,0,15.7,36.2,41.4,353,7.2,91
DR-01,Koridor Darmo - Tunjungan,2026-09-30 03:00:00+00,52.727272,0.12120818,0.2333,5.1363635,110,31,52,0,0,15.7,36.2,41.4,353,7.2,91
DR-02,Koridor Darmo - Tunjungan,2026-09-30 03:00:00+00,44.47273,0.12798181,0.2353,6.7363634,110,31,52,0,0,15.7,36.2,41.4,353,7.2,91
DR-03,Koridor Darmo - Tunjungan,2026-09-30 03:00:00+00,40.909092,0.12959273,0.234,6.8454547,110,31,52,0,0,15.7,36.2,41.4,353,7.2,91
MR-01,Koridor MERR,2026-09-30 03:00:00+00,44.172726,0.13387091,0.2157,6.9545455,110,31,52,0,0,15.7,36.2,41.4,353,7.2,91
MR-02,Koridor MERR,2026-09-30 03:00:00+00,36.645454,0.12748364,0.2381,8.2,110,31,52,0,0,15.7,36.2,41.4,353,7.2,91
MR-03,Koridor MERR,2026-09-30 03:00:00+00,38.136364,0.13326,0.2273,7.7,110,31,52,0,0,15.7,36.2,41.4,353,7.2,91
AY-01,Koridor A. Yani,2026-09-30 04:00:00+00,40.536366,0.099190906,0.1778,5.318182,110,31.4,51,0,0,14.9,30.7,34.8,343,5.4,92
AY-02,Koridor A. Yani,2026-09-30 04:00:00+00,48.51818,0.10151364,0.1852,4.681818,110,31.4,51,0,0,14.9,30.7,34.8,343,5.4,92
AY-03,Koridor A. Yani,2026-09-30 04:00:00+00,42.9,0.10625,0.1875,5.4636364,110,31.4,51,0,0,14.9,30.7,34.8,343,5.4,92
DR-01,Koridor Darmo - Tunjungan,2026-09-30 04:00:00+00,54.054546,0.099088185,0.1833,4.0454545,110,31.4,51,0,0,14.9,30.7,34.8,343,5.4,92
DR-02,Koridor Darmo - Tunjungan,2026-09-30 04:00:00+00,45.645454,0.10498636,0.1765,5.3545456,110,31.4,51,0,0,14.9,30.7,34.8,343,5.4,92
DR-03,Koridor Darmo - Tunjungan,2026-09-30 04:00:00+00,42.081818,0.104643635,0.1915,5.327273,110,31.4,51,0,0,14.9,30.7,34.8,343,5.4,92
MR-01,Koridor MERR,2026-09-30 04:00:00+00,45.672726,0.10445091,0.1765,5.327273,110,31.4,51,0,0,14.9,30.7,34.8,343,5.4,92
MR-02,Koridor MERR,2026-09-30 04:00:00+00,37.654545,0.10345819,0.1905,6.5272727,110,31.4,51,0,0,14.9,30.7,34.8,343,5.4,92
MR-03,Koridor MERR,2026-09-30 04:00:00+00,39.29091,0.107030906,0.1818,6.009091,110,31.4,51,0,0,14.9,30.7,34.8,343,5.4,92
AY-01,Koridor A. Yani,2026-09-30 05:00:00+00,40.94872,0.090029486,0.1778,4.75641,78,31.6,51,0,0,15,26,28.8,351,4.7,93
AY-02,Koridor A. Yani,2026-09-30 05:00:00+00,48.115383,0.10896667,0.1852,5.0128207,78,31.6,51,0,0,15,26,28.8,351,4.7,93
AY-03,Koridor A. Yani,2026-09-30 05:00:00+00,42.71795,0.11004872,0.1875,5.6538463,78,31.6,51,0,0,15,26,28.8,351,4.7,93
DR-01,Koridor Darmo - Tunjungan,2026-09-30 05:00:00+00,54.025642,0.09957436,0.1833,4.1025643,78,31.6,51,0,0,15,26,28.8,351,4.7,93
DR-02,Koridor Darmo - Tunjungan,2026-09-30 05:00:00+00,45.846153,0.10105256,0.1765,5.1538463,78,31.6,51,0,0,15,26,28.8,351,4.7,93
DR-03,Koridor Darmo - Tunjungan,2026-09-30 05:00:00+00,42.064102,0.10502564,0.1702,5.3846154,78,31.6,51,0,0,15,26,28.8,351,4.7,93
MR-01,Koridor MERR,2026-09-30 05:00:00+00,46.21795,0.09376026,0.1765,4.782051,78,31.6,51,0,0,15,26,28.8,351,4.7,93
MR-02,Koridor MERR,2026-09-30 05:00:00+00,37.910255,0.09736539,0.1905,6.1538463,78,31.6,51,0,0,15,26,28.8,351,4.7,93
MR-03,Koridor MERR,2026-09-30 05:00:00+00,40.346153,0.08305,0.1818,4.5384617,78,31.6,51,0,0,15,26,28.8,351,4.7,93
AY-01,Koridor A. Yani,2026-09-30 06:00:00+00,40.110092,0.108670644,0.1778,5.8715596,109,32.6,42,0,0,18.4,23.2,25.8,373,5.2,94
AY-02,Koridor A. Yani,2026-09-30 06:00:00+00,48.3578,0.10448165,0.1852,4.834862,109,32.6,42,0,0,18.4,23.2,25.8,373,5.2,94
AY-03,Koridor A. Yani,2026-09-30 06:00:00+00,42.72477,0.1099055,0.1875,5.614679,109,32.6,42,0,0,18.4,23.2,25.8,373,5.2,94
DR-01,Koridor Darmo - Tunjungan,2026-09-30 06:00:00+00,54.44037,0.09265688,0.1833,3.8440366,109,32.6,42,0,0,18.4,23.2,25.8,373,5.2,94
DR-02,Koridor Darmo - Tunjungan,2026-09-30 06:00:00+00,45.95413,0.09893028,0.1765,5.0458717,109,32.6,42,0,0,18.4,23.2,25.8,373,5.2,94
DR-03,Koridor Darmo - Tunjungan,2026-09-30 06:00:00+00,41.91743,0.108144954,0.1915,5.5779815,109,32.6,42,0,0,18.4,23.2,25.8,373,5.2,94
MR-01,Koridor MERR,2026-09-30 06:00:00+00,46.091743,0.09623394,0.1765,4.908257,109,32.6,42,0,0,18.4,23.2,25.8,373,5.2,94
MR-02,Koridor MERR,2026-09-30 06:00:00+00,37.779816,0.10047156,0.1905,6.3486238,109,32.6,42,0,0,18.4,23.2,25.8,373,5.2,94
MR-03,Koridor MERR,2026-09-30 06:00:00+00,39.42202,0.10405412,0.1818,5.853211,109,32.6,42,0,0,18.4,23.2,25.8,373,5.2,94
AY-01,Koridor A. Yani,2026-09-30 07:00:00+00,39.831776,0.11485327,0.2,6.271028,107,32.1,42,0,0,20.4,22,24.4,419,6.5,95
AY-02,Koridor A. Yani,2026-09-30 07:00:00+00,47.626167,0.11803926,0.2222,5.4018693,107,32.1,42,0,0,20.4,22,24.4,419,6.5,95
AY-03,Koridor A. Yani,2026-09-30 07:00:00+00,42.542057,0.113705605,0.1875,5.82243,107,32.1,42,0,0,20.4,22,24.4,419,6.5,95
DR-01,Koridor Darmo - Tunjungan,2026-09-30 07:00:00+00,52.88785,0.11853085,0.2167,4.990654,107,32.1,42,0,0,20.4,22,24.4,419,6.5,95
DR-02,Koridor Darmo - Tunjungan,2026-09-30 07:00:00+00,45.121494,0.11526075,0.2157,5.962617,107,32.1,42,0,0,20.4,22,24.4,419,6.5,95
DR-03,Koridor Darmo - Tunjungan,2026-09-30 07:00:00+00,41.682243,0.11314953,0.2128,5.8878503,107,32.1,42,0,0,20.4,22,24.4,419,6.5,95
MR-01,Koridor MERR,2026-09-30 07:00:00+00,45.48598,0.10810841,0.2157,5.5700936,107,32.1,42,0,0,20.4,22,24.4,419,6.5,95
MR-02,Koridor MERR,2026-09-30 07:00:00+00,37.13084,0.115922436,0.2143,7.2897196,107,32.1,42,0,0,20.4,22,24.4,419,6.5,95
MR-03,Koridor MERR,2026-09-30 07:00:00+00,38.38318,0.12765607,0.2045,7.308411,107,32.1,42,0,0,20.4,22,24.4,419,6.5,95
AY-01,Koridor A. Yani,2026-09-30 08:00:00+00,35.2451,0.21677549,0.3556,13.813725,102,31.4,47,0,0,19.9,22.5,25,477,8.9,95
AY-02,Koridor A. Yani,2026-09-30 08:00:00+00,41.764706,0.22657256,0.3704,11.990196,102,31.4,47,0,0,19.9,22.5,25,477,8.9,95
AY-03,Koridor A. Yani,2026-09-30 08:00:00+00,37.598038,0.2167049,0.375,12.794118,102,31.4,47,0,0,19.9,22.5,25,477,8.9,95
DR-01,Koridor Darmo - Tunjungan,2026-09-30 08:00:00+00,46.57843,0.22368921,0.3667,10.627451,102,31.4,47,0,0,19.9,22.5,25,477,8.9,95
DR-02,Koridor Darmo - Tunjungan,2026-09-30 08:00:00+00,39.627453,0.22299609,0.3529,12.725491,102,31.4,47,0,0,19.9,22.5,25,477,8.9,95
DR-03,Koridor Darmo - Tunjungan,2026-09-30 08:00:00+00,36.794117,0.21714412,0.383,12.980392,102,31.4,47,0,0,19.9,22.5,25,477,8.9,95
MR-01,Koridor MERR,2026-09-30 08:00:00+00,39.862743,0.21838138,0.3529,12.539216,102,31.4,47,0,0,19.9,22.5,25,477,8.9,95
MR-02,Koridor MERR,2026-09-30 08:00:00+00,32.7451,0.22035883,0.381,15.539216,102,31.4,47,0,0,19.9,22.5,25,477,8.9,95
MR-03,Koridor MERR,2026-09-30 08:00:00+00,34.068626,0.22571078,0.3636,14.931373,102,31.4,47,0,0,19.9,22.5,25,477,8.9,95
AY-01,Koridor A. Yani,2026-09-30 09:00:00+00,24.363636,0.45858908,0.6444,42.954544,110,30.2,58,0,0,18.9,24.2,26.8,507,13,95
AY-02,Koridor A. Yani,2026-09-30 09:00:00+00,29.145454,0.46027,0.6667,36.4,110,30.2,58,0,0,18.9,24.2,26.8,507,13,95
AY-03,Koridor A. Yani,2026-09-30 09:00:00+00,25.9,0.46042183,0.6667,41.372726,110,30.2,58,0,0,18.9,24.2,26.8,507,13,95
DR-01,Koridor Darmo - Tunjungan,2026-09-30 09:00:00+00,32.772728,0.45379364,0.65,32.045456,110,30.2,58,0,0,18.9,24.2,26.8,507,13,95
DR-02,Koridor Darmo - Tunjungan,2026-09-30 09:00:00+00,27.5,0.4607818,0.6471,38.645454,110,30.2,58,0,0,18.9,24.2,26.8,507,13,95
DR-03,Koridor Darmo - Tunjungan,2026-09-30 09:00:00+00,25.50909,0.4572509,0.6596,41.336365,110,30.2,58,0,0,18.9,24.2,26.8,507,13,95
MR-01,Koridor MERR,2026-09-30 09:00:00+00,27.472727,0.46131638,0.6471,39.427273,110,30.2,58,0,0,18.9,24.2,26.8,507,13,95
MR-02,Koridor MERR,2026-09-30 09:00:00+00,22.690908,0.45974183,0.6667,47.345455,110,30.2,58,0,0,18.9,24.2,26.8,507,13,95
MR-03,Koridor MERR,2026-09-30 09:00:00+00,23.6,0.46363726,0.6591,45.645454,110,30.2,58,0,0,18.9,24.2,26.8,507,13,95
AY-01,Koridor A. Yani,2026-09-30 10:00:00+00,14.857142,0.6698319,0.7778,100.82417,91,29.2,64,0,0,18.5,28.9,31.8,477,20.3,95
AY-02,Koridor A. Yani,2026-09-30 10:00:00+00,17.879122,0.6688978,0.7778,84.8022,91,29.2,64,0,0,18.5,28.9,31.8,477,20.3,95
AY-03,Koridor A. Yani,2026-09-30 10:00:00+00,15.21978,0.68292415,0.7708,100.40659,91,29.2,64,0,0,18.5,28.9,31.8,477,20.3,95
DR-01,Koridor Darmo - Tunjungan,2026-09-30 10:00:00+00,19.65934,0.67234725,0.7833,76.68132,91,29.2,64,0,0,18.5,28.9,31.8,477,20.3,95
DR-02,Koridor Darmo - Tunjungan,2026-09-30 10:00:00+00,16.626373,0.6740077,0.7843,91.24176,91,29.2,64,0,0,18.5,28.9,31.8,477,20.3,95
DR-03,Koridor Darmo - Tunjungan,2026-09-30 10:00:00+00,15.164835,0.67734945,0.766,100.34066,91,29.2,64,0,0,18.5,28.9,31.8,477,20.3,95
MR-01,Koridor MERR,2026-09-30 10:00:00+00,16.978022,0.66711426,0.7647,88.53846,91,29.2,64,0,0,18.5,28.9,31.8,477,20.3,95
MR-02,Koridor MERR,2026-09-30 10:00:00+00,13.615385,0.67583185,0.7857,111.96703,91,29.2,64,0,0,18.5,28.9,31.8,477,20.3,95
MR-03,Koridor MERR,2026-09-30 10:00:00+00,14.505494,0.6703253,0.7727,103.89011,91,29.2,64,0,0,18.5,28.9,31.8,477,20.3,95
AY-01,Koridor A. Yani,2026-09-30 11:00:00+00,16.833334,0.62591666,0.7333,86,6,28.9,65,0,0,17.7,35.6,38.8,418,29.2,95
AY-02,Koridor A. Yani,2026-09-30 11:00:00+00,22.666666,0.58023334,0.6296,56.333332,6,28.9,65,0,0,17.7,35.6,38.8,418,29.2,95
AY-03,Koridor A. Yani,2026-09-30 11:00:00+00,19.5,0.5937667,0.7292,72.333336,6,28.9,65,0,0,17.7,35.6,38.8,418,29.2,95
DR-01,Koridor Darmo - Tunjungan,2026-09-30 11:00:00+00,24.5,0.59166664,0.7,54.5,6,28.9,65,0,0,17.7,35.6,38.8,418,29.2,95
DR-02,Koridor Darmo - Tunjungan,2026-09-30 11:00:00+00,21.166666,0.58498335,0.7255,67.833336,6,28.9,65,0,0,17.7,35.6,38.8,418,29.2,95
DR-03,Koridor Darmo - Tunjungan,2026-09-30 11:00:00+00,19.833334,0.5780333,0.6809,66,6,28.9,65,0,0,17.7,35.6,38.8,418,29.2,95
MR-01,Koridor MERR,2026-09-30 11:00:00+00,20.833334,0.5915167,0.6863,67.666664,6,28.9,65,0,0,17.7,35.6,38.8,418,29.2,95
MR-02,Koridor MERR,2026-09-30 11:00:00+00,18,0.5714333,0.7381,77.5,6,28.9,65,0,0,17.7,35.6,38.8,418,29.2,95
MR-03,Koridor MERR,2026-09-30 11:00:00+00,18.833334,0.57196665,0.6591,68.5,6,28.9,65,0,0,17.7,35.6,38.8,418,29.2,95
AY-01,Koridor A. Yani,2026-09-30 12:00:00+00,34.03125,0.24375625,0.4222,15.9375,32,29.3,63,0,0,17.6,40.4,44.5,380,25.5,96
AY-02,Koridor A. Yani,2026-09-30 12:00:00+00,40.78125,0.2448,0.4259,13.28125,32,29.3,63,0,0,17.6,40.4,44.5,380,25.5,96
AY-03,Koridor A. Yani,2026-09-30 12:00:00+00,36.0625,0.24869375,0.4583,15.4375,32,29.3,63,0,0,17.6,40.4,44.5,380,25.5,96
DR-01,Koridor Darmo - Tunjungan,2026-09-30 12:00:00+00,45.625,0.23959063,0.3667,11.5625,32,29.3,63,0,0,17.6,40.4,44.5,380,25.5,96
DR-02,Koridor Darmo - Tunjungan,2026-09-30 12:00:00+00,39.46875,0.2261125,0.3529,12.96875,32,29.3,63,0,0,17.6,40.4,44.5,380,25.5,96
DR-03,Koridor Darmo - Tunjungan,2026-09-30 12:00:00+00,35.90625,0.23603125,0.4255,14.65625,32,29.3,63,0,0,17.6,40.4,44.5,380,25.5,96
MR-01,Koridor MERR,2026-09-30 12:00:00+00,38.71875,0.24081562,0.4314,14.09375,32,29.3,63,0,0,17.6,40.4,44.5,380,25.5,96
MR-02,Koridor MERR,2026-09-30 12:00:00+00,31.40625,0.25224063,0.4286,18.53125,32,29.3,63,0,0,17.6,40.4,44.5,380,25.5,96
MR-03,Koridor MERR,2026-09-30 12:00:00+00,33.46875,0.23934375,0.3864,16.125,32,29.3,63,0,0,17.6,40.4,44.5,380,25.5,96
AY-01,Koridor A. Yani,2026-09-30 13:00:00+00,38.890907,0.13576272,0.2444,7.672727,110,28.9,66,0,0,18.2,41,45.2,394,24.9,97
AY-02,Koridor A. Yani,2026-09-30 13:00:00+00,46.52727,0.13837728,0.2593,6.5272727,110,28.9,66,0,0,18.2,41,45.2,394,24.9,97
AY-03,Koridor A. Yani,2026-09-30 13:00:00+00,41.1,0.14375,0.25,7.6363635,110,28.9,66,0,0,18.2,41,45.2,394,24.9,97
DR-01,Koridor Darmo - Tunjungan,2026-09-30 13:00:00+00,51.272728,0.14545728,0.2667,6.318182,110,28.9,66,0,0,18.2,41,45.2,394,24.9,97
DR-02,Koridor Darmo - Tunjungan,2026-09-30 13:00:00+00,43.636364,0.14438727,0.2549,7.6545453,110,28.9,66,0,0,18.2,41,45.2,394,24.9,97
DR-03,Koridor Darmo - Tunjungan,2026-09-30 13:00:00+00,40.454544,0.1392709,0.2553,7.4727273,110,28.9,66,0,0,18.2,41,45.2,394,24.9,97
MR-01,Koridor MERR,2026-09-30 13:00:00+00,43.30909,0.15080455,0.2549,8.027273,110,28.9,66,0,0,18.2,41,45.2,394,24.9,97
MR-02,Koridor MERR,2026-09-30 13:00:00+00,35.918182,0.14480364,0.2619,9.4,110,28.9,66,0,0,18.2,41,45.2,394,24.9,97
MR-03,Koridor MERR,2026-09-30 13:00:00+00,37.28182,0.15267636,0.2727,9.154546,110,28.9,66,0,0,18.2,41,45.2,394,24.9,97
AY-01,Koridor A. Yani,2026-09-30 14:00:00+00,40.6,0.097773634,0.1778,5.2181816,110,28.4,68,0,0,17.2,42,46.3,430,24.1,99
AY-02,Koridor A. Yani,2026-09-30 14:00:00+00,48.5,0.10185091,0.1852,4.6454544,110,28.4,68,0,0,17.2,42,46.3,430,24.1,99
AY-03,Koridor A. Yani,2026-09-30 14:00:00+00,43.081818,0.10246637,0.1875,5.181818,110,28.4,68,0,0,17.2,42,46.3,430,24.1,99
DR-01,Koridor Darmo - Tunjungan,2026-09-30 14:00:00+00,53.7,0.10499455,0.1833,4.2818184,110,28.4,68,0,0,17.2,42,46.3,430,24.1,99
DR-02,Koridor Darmo - Tunjungan,2026-09-30 14:00:00+00,45.99091,0.09821091,0.1961,5.0272727,110,28.4,68,0,0,17.2,42,46.3,430,24.1,99
DR-03,Koridor Darmo - Tunjungan,2026-09-30 14:00:00+00,41.68182,0.11315727,0.1915,5.909091,110,28.4,68,0,0,17.2,42,46.3,430,24.1,99
MR-01,Koridor MERR,2026-09-30 14:00:00+00,45.654545,0.10480273,0.1961,5.3545456,110,28.4,68,0,0,17.2,42,46.3,430,24.1,99
MR-02,Koridor MERR,2026-09-30 14:00:00+00,37.70909,0.102155454,0.1905,6.3636365,110,28.4,68,0,0,17.2,42,46.3,430,24.1,99
MR-03,Koridor MERR,2026-09-30 14:00:00+00,39.272728,0.107445456,0.1818,6.072727,110,28.4,68,0,0,17.2,42,46.3,430,24.1,99
AY-01,Koridor A. Yani,2026-09-30 15:00:00+00,40.52727,0.09939273,0.1778,5.327273,110,28.3,70,0,0,16,42.8,47.3,442,23.5,100
AY-02,Koridor A. Yani,2026-09-30 15:00:00+00,48.618183,0.09966364,0.1852,4.5363636,110,28.3,70,0,0,16,42.8,47.3,442,23.5,100
AY-03,Koridor A. Yani,2026-09-30 15:00:00+00,43.418182,0.09546,0.1875,4.836364,110,28.3,70,0,0,16,42.8,47.3,442,23.5,100
DR-01,Koridor Darmo - Tunjungan,2026-09-30 15:00:00+00,53.78182,0.103640914,0.1833,4.2909093,110,28.3,70,0,0,16,42.8,47.3,442,23.5,100
DR-02,Koridor Darmo - Tunjungan,2026-09-30 15:00:00+00,45.581818,0.10623818,0.1765,5.418182,110,28.3,70,0,0,16,42.8,47.3,442,23.5,100
DR-03,Koridor Darmo - Tunjungan,2026-09-30 15:00:00+00,42.381817,0.09826091,0.1702,4.990909,110,28.3,70,0,0,16,42.8,47.3,442,23.5,100
MR-01,Koridor MERR,2026-09-30 15:00:00+00,46.345455,0.09125091,0.1765,4.6545453,110,28.3,70,0,0,16,42.8,47.3,442,23.5,100
MR-02,Koridor MERR,2026-09-30 15:00:00+00,37.68182,0.10280455,0.1667,6.4454546,110,28.3,70,0,0,16,42.8,47.3,442,23.5,100
MR-03,Koridor MERR,2026-09-30 15:00:00+00,39.336365,0.105993636,0.1818,5.9363637,110,28.3,70,0,0,16,42.8,47.3,442,23.5,100
AY-01,Koridor A. Yani,2026-09-30 16:00:00+00,40.395832,0.1023125,0.1778,5.46875,96,28.4,69,0,0,15.6,43.5,48.2,378,23,102
AY-02,Koridor A. Yani,2026-09-30 16:00:00+00,48.625,0.09952917,0.1667,4.5625,96,28.4,69,0,0,15.6,43.5,48.2,378,23,102
AY-03,Koridor A. Yani,2026-09-30 16:00:00+00,43.229168,0.09939375,0.1875,5.09375,96,28.4,69,0,0,15.6,43.5,48.2,378,23,102
DR-01,Koridor Darmo - Tunjungan,2026-09-30 16:00:00+00,53.59375,0.10676979,0.1833,4.4166665,96,28.4,69,0,0,15.6,43.5,48.2,378,23,102
DR-02,Koridor Darmo - Tunjungan,2026-09-30 16:00:00+00,45.854168,0.100889586,0.1765,5.1458335,96,28.4,69,0,0,15.6,43.5,48.2,378,23,102
DR-03,Koridor Darmo - Tunjungan,2026-09-30 16:00:00+00,42.364582,0.098628126,0.1702,5.0208335,96,28.4,69,0,0,15.6,43.5,48.2,378,23,102
MR-01,Koridor MERR,2026-09-30 16:00:00+00,45.8125,0.10171146,0.1765,5.1875,96,28.4,69,0,0,15.6,43.5,48.2,378,23,102
MR-02,Koridor MERR,2026-09-30 16:00:00+00,37.739582,0.10142917,0.1905,6.375,96,28.4,69,0,0,15.6,43.5,48.2,378,23,102
MR-03,Koridor MERR,2026-09-30 16:00:00+00,39.760418,0.09635521,0.1818,5.3125,96,28.4,69,0,0,15.6,43.5,48.2,378,23,102
AY-01,Koridor A. Yani,2026-09-30 17:00:00+00,40.166668,0.10741667,0.1556,5.8333335,6,28.2,68,0,0,14.4,46,50.9,291,22.8,104
AY-02,Koridor A. Yani,2026-09-30 17:00:00+00,48.666668,0.09876667,0.1481,4.3333335,6,28.2,68,0,0,14.4,46,50.9,291,22.8,104
AY-03,Koridor A. Yani,2026-09-30 17:00:00+00,43,0.104166664,0.1667,5.3333335,6,28.2,68,0,0,14.4,46,50.9,291,22.8,104
DR-01,Koridor Darmo - Tunjungan,2026-09-30 17:00:00+00,53.333332,0.11111667,0.1667,4.5,6,28.2,68,0,0,14.4,46,50.9,291,22.8,104
DR-02,Koridor Darmo - Tunjungan,2026-09-30 17:00:00+00,47.333332,0.07186667,0.1176,3.6666667,6,28.2,68,0,0,14.4,46,50.9,291,22.8,104
DR-03,Koridor Darmo - Tunjungan,2026-09-30 17:00:00+00,42.166668,0.10283333,0.1489,5.1666665,6,28.2,68,0,0,14.4,46,50.9,291,22.8,104
MR-01,Koridor MERR,2026-09-30 17:00:00+00,44.333332,0.13069999,0.1765,6.6666665,6,28.2,68,0,0,14.4,46,50.9,291,22.8,104
MR-02,Koridor MERR,2026-09-30 17:00:00+00,36.833332,0.12301667,0.1667,7.6666665,6,28.2,68,0,0,14.4,46,50.9,291,22.8,104
MR-03,Koridor MERR,2026-09-30 17:00:00+00,39.5,0.102299996,0.1591,5.6666665,6,28.2,68,0,0,14.4,46,50.9,291,22.8,104
AY-01,Koridor A. Yani,2026-09-30 18:00:00+00,41,0.088866666,0.1333,4.5,6,28,70,0,0,12.3,49.7,54.4,296,24,106
AY-02,Koridor A. Yani,2026-09-30 18:00:00+00,48.833332,0.09566667,0.1667,4.5,6,28,70,0,0,12.3,49.7,54.4,296,24,106
AY-03,Koridor A. Yani,2026-09-30 18:00:00+00,43.166668,0.10068333,0.1875,5,6,28,70,0,0,12.3,49.7,54.4,296,24,106
DR-01,Koridor Darmo - Tunjungan,2026-09-30 18:00:00+00,54.833332,0.086100005,0.15,3.5,6,28,70,0,0,12.3,49.7,54.4,296,24,106
DR-02,Koridor Darmo - Tunjungan,2026-09-30 18:00:00+00,46.5,0.08821666,0.1765,4.5,6,28,70,0,0,12.3,49.7,54.4,296,24,106
DR-03,Koridor Darmo - Tunjungan,2026-09-30 18:00:00+00,43.5,0.074483335,0.1489,3.6666667,6,28,70,0,0,12.3,49.7,54.4,296,24,106
MR-01,Koridor MERR,2026-09-30 18:00:00+00,45.833332,0.1013,0.1373,5.1666665,6,28,70,0,0,12.3,49.7,54.4,296,24,106
MR-02,Koridor MERR,2026-09-30 18:00:00+00,36.5,0.13095,0.1667,8.333333,6,28,70,0,0,12.3,49.7,54.4,296,24,106
MR-03,Koridor MERR,2026-09-30 18:00:00+00,39.666668,0.0985,0.1364,5.5,6,28,70,0,0,12.3,49.7,54.4,296,24,106
AY-01,Koridor A. Yani,2026-09-30 19:00:00+00,41.333332,0.08146667,0.1556,4.3333335,6,27.5,73,0,0,10.1,55.6,59.8,457,27.7,108
AY-02,Koridor A. Yani,2026-09-30 19:00:00+00,48.833332,0.09566667,0.1667,4.5,6,27.5,73,0,0,10.1,55.6,59.8,457,27.7,108
AY-03,Koridor A. Yani,2026-09-30 19:00:00+00,41.833332,0.12846667,0.1667,6.6666665,6,27.5,73,0,0,10.1,55.6,59.8,457,27.7,108
DR-01,Koridor Darmo - Tunjungan,2026-09-30 19:00:00+00,55.166668,0.08056667,0.1667,3.3333333,6,27.5,73,0,0,10.1,55.6,59.8,457,27.7,108
DR-02,Koridor Darmo - Tunjungan,2026-09-30 19:00:00+00,45.166668,0.11438333,0.1569,5.8333335,6,27.5,73,0,0,10.1,55.6,59.8,457,27.7,108
DR-03,Koridor Darmo - Tunjungan,2026-09-30 19:00:00+00,43.333332,0.07801667,0.1064,3.6666667,6,27.5,73,0,0,10.1,55.6,59.8,457,27.7,108
MR-01,Koridor MERR,2026-09-30 19:00:00+00,46,0.098016664,0.1765,5,6,27.5,73,0,0,10.1,55.6,59.8,457,27.7,108
MR-02,Koridor MERR,2026-09-30 19:00:00+00,37.666668,0.10315,0.1429,6.3333335,6,27.5,73,0,0,10.1,55.6,59.8,457,27.7,108
MR-03,Koridor MERR,2026-09-30 19:00:00+00,38.166668,0.13256666,0.1818,7.5,6,27.5,73,0,0,10.1,55.6,59.8,457,27.7,108
AY-01,Koridor A. Yani,2026-09-30 20:00:00+00,41.2,0.08444,0.1556,4.4,5,27.1,76,0,0,7.4,65.7,70.1,710,32.9,111
AY-02,Koridor A. Yani,2026-09-30 20:00:00+00,50.6,0.06296,0.1111,2.8,5,27.1,76,0,0,7.4,65.7,70.1,710,32.9,111
AY-03,Koridor A. Yani,2026-09-30 20:00:00+00,43.2,0.1,0.125,4.8,5,27.1,76,0,0,7.4,65.7,70.1,710,32.9,111
DR-01,Koridor Darmo - Tunjungan,2026-09-30 20:00:00+00,54.8,0.08666,0.1833,3.6,5,27.1,76,0,0,7.4,65.7,70.1,710,32.9,111
DR-02,Koridor Darmo - Tunjungan,2026-09-30 20:00:00+00,45,0.11764,0.1765,6,5,27.1,76,0,0,7.4,65.7,70.1,710,32.9,111
DR-03,Koridor Darmo - Tunjungan,2026-09-30 20:00:00+00,43,0.08512,0.1489,4.4,5,27.1,76,0,0,7.4,65.7,70.1,710,32.9,111
MR-01,Koridor MERR,2026-09-30 20:00:00+00,45.6,0.10586,0.1569,5.4,5,27.1,76,0,0,7.4,65.7,70.1,710,32.9,111
MR-02,Koridor MERR,2026-09-30 20:00:00+00,36.8,0.1238,0.1905,8,5,27.1,76,0,0,7.4,65.7,70.1,710,32.9,111
MR-03,Koridor MERR,2026-09-30 20:00:00+00,40.2,0.08638,0.1591,4.6,5,27.1,76,0,0,7.4,65.7,70.1,710,32.9,111
AY-01,Koridor A. Yani,2026-09-30 21:00:00+00,40.6,0.097780004,0.1111,5.2,5,26.5,78,0,0,5.7,79.9,84.8,980,37.6,113
AY-02,Koridor A. Yani,2026-09-30 21:00:00+00,48.6,0.1,0.1667,4.6,5,26.5,78,0,0,5.7,79.9,84.8,980,37.6,113
AY-03,Koridor A. Yani,2026-09-30 21:00:00+00,43,0.104159996,0.1458,5.2,5,26.5,78,0,0,5.7,79.9,84.8,980,37.6,113
DR-01,Koridor Darmo - Tunjungan,2026-09-30 21:00:00+00,52.4,0.12666,0.1833,5.2,5,26.5,78,0,0,5.7,79.9,84.8,980,37.6,113
DR-02,Koridor Darmo - Tunjungan,2026-09-30 21:00:00+00,45.6,0.10588,0.1569,5.4,5,26.5,78,0,0,5.7,79.9,84.8,980,37.6,113
DR-03,Koridor Darmo - Tunjungan,2026-09-30 21:00:00+00,42.6,0.09364,0.2128,4.8,5,26.5,78,0,0,5.7,79.9,84.8,980,37.6,113
MR-01,Koridor MERR,2026-09-30 21:00:00+00,44.2,0.13334,0.1569,6.8,5,26.5,78,0,0,5.7,79.9,84.8,980,37.6,113
MR-02,Koridor MERR,2026-09-30 21:00:00+00,37.4,0.109500006,0.1667,6.8,5,26.5,78,0,0,5.7,79.9,84.8,980,37.6,113
MR-03,Koridor MERR,2026-09-30 21:00:00+00,39,0.113639995,0.1818,6.4,5,26.5,78,0,0,5.7,79.9,84.8,980,37.6,113
AY-01,Koridor A. Yani,2026-09-30 22:00:00+00,31.8,0.29334,0.4,20.4,5,25.9,80,0,0,5.2,99.9,105,1303,42.4,117
AY-02,Koridor A. Yani,2026-09-30 22:00:00+00,39.6,0.26666,0.3889,15.2,5,25.9,80,0,0,5.2,99.9,105,1303,42.4,117
AY-03,Koridor A. Yani,2026-09-30 22:00:00+00,36.2,0.24584,0.3542,15.2,5,25.9,80,0,0,5.2,99.9,105,1303,42.4,117
DR-01,Koridor Darmo - Tunjungan,2026-09-30 22:00:00+00,46,0.23334001,0.2833,11,5,25.9,80,0,0,5.2,99.9,105,1303,42.4,117
DR-02,Koridor Darmo - Tunjungan,2026-09-30 22:00:00+00,39.6,0.22354,0.3137,13,5,25.9,80,0,0,5.2,99.9,105,1303,42.4,117
DR-03,Koridor Darmo - Tunjungan,2026-09-30 22:00:00+00,34.6,0.26382,0.3191,16.8,5,25.9,80,0,0,5.2,99.9,105,1303,42.4,117
MR-01,Koridor MERR,2026-09-30 22:00:00+00,37,0.27449998,0.3137,16.6,5,25.9,80,0,0,5.2,99.9,105,1303,42.4,117
MR-02,Koridor MERR,2026-09-30 22:00:00+00,32.4,0.22858,0.3333,16.2,5,25.9,80,0,0,5.2,99.9,105,1303,42.4,117
MR-03,Koridor MERR,2026-09-30 22:00:00+00,32.6,0.2591,0.3636,18.2,5,25.9,80,0,0,5.2,99.9,105,1303,42.4,117
AY-01,Koridor A. Yani,2026-09-30 23:00:00+00,22.166666,0.5074,0.6,50.833332,6,26.2,74,0,0,5.6,128.1,132.7,1642,46.7,122
AY-02,Koridor A. Yani,2026-09-30 23:00:00+00,28.5,0.47223336,0.5741,37.166668,6,26.2,74,0,0,5.6,128.1,132.7,1642,46.7,122
AY-03,Koridor A. Yani,2026-09-30 23:00:00+00,25,0.47916666,0.6042,43.5,6,26.2,74,0,0,5.6,128.1,132.7,1642,46.7,122
DR-01,Koridor Darmo - Tunjungan,2026-09-30 23:00:00+00,30.833334,0.48611665,0.65,36.833332,6,26.2,74,0,0,5.6,128.1,132.7,1642,46.7,122
DR-02,Koridor Darmo - Tunjungan,2026-09-30 23:00:00+00,27.333334,0.46405,0.5882,38.833332,6,26.2,74,0,0,5.6,128.1,132.7,1642,46.7,122
DR-03,Koridor Darmo - Tunjungan,2026-09-30 23:00:00+00,24,0.48935002,0.5957,46.833332,6,26.2,74,0,0,5.6,128.1,132.7,1642,46.7,122
MR-01,Koridor MERR,2026-09-30 23:00:00+00,25.5,0.5000167,0.6275,44.833332,6,26.2,74,0,0,5.6,128.1,132.7,1642,46.7,122
MR-02,Koridor MERR,2026-09-30 23:00:00+00,22.166666,0.47221667,0.619,51.333332,6,26.2,74,0,0,5.6,128.1,132.7,1642,46.7,122
MR-03,Koridor MERR,2026-09-30 23:00:00+00,22.666666,0.48486665,0.5455,47,6,26.2,74,0,0,5.6,128.1,132.7,1642,46.7,122
