"point_id","corridor","name","latitude","longitude"
AY-01,Koridor A. Yani,Bundaran Waru,-7.3446,112.729
AY-02,Koridor A. Yani,A. Yani - Jemursari,-7.3218,112.7306
AY-03,Koridor A. Yani,A. Yani - Royal Plaza,-7.309,112.7352
DR-01,Koridor Darmo - Tunjungan,Raya Darmo - Taman Bungkul,-7.2913,112.7397
DR-02,Koridor Darmo - Tunjungan,Basuki Rahmat,-7.2668,112.7414
DR-03,Koridor Darmo - Tunjungan,Tunjungan,-7.2601,112.739
MR-01,Koridor MERR,MERR - Kenjeran,-7.2555,112.7797
MR-02,Koridor MERR,MERR - Dharmahusada,-7.279,112.7818
MR-03,Koridor MERR,MERR - Rungkut,-7.3195,112.7803
