"point_id","observed_at","source","frc","current_speed","free_flow_speed","current_travel_time","free_flow_travel_time","confidence","road_closure","speed_ratio","congestion_index","delay_seconds","congestion_level","ingested_at","loaded_at"
AY-01,2026-09-29 09:00:08.459 +0700,tomtom,FRC4,50.0,50.0,142.0,142.0,1.0,false,1.0,0.0,0.0,LANCAR,2026-09-29 09:00:09.351 +0700,2026-09-29 09:00:10.524 +0700
AY-02,2026-09-29 09:00:08.459 +0700,tomtom,FRC4,45.0,45.0,179.0,179.0,1.0,false,1.0,0.0,0.0,LANCAR,2026-09-29 09:00:09.578 +0700,2026-09-29 09:00:10.524 +0700
AY-03,2026-09-29 09:00:08.459 +0700,tomtom,FRC4,45.0,45.0,179.0,179.0,1.0,false,1.0,0.0,0.0,LANCAR,2026-09-29 09:00:09.790 +0700,2026-09-29 09:00:10.524 +0700
DR-01,2026-09-29 09:00:08.459 +0700,tomtom,FRC2,34.0,34.0,547.0,547.0,1.0,false,1.0,0.0,0.0,LANCAR,2026-09-29 09:00:10.018 +0700,2026-09-29 09:00:10.524 +0700
DR-02,2026-09-29 09:00:08.459 +0700,tomtom,FRC2,25.0,28.0,928.0,828.0,0.672393,false,0.8929,0.1071,100.0,LANCAR,2026-09-29 09:00:10.232 +0700,2026-09-29 09:00:10.524 +0700
DR-03,2026-09-29 09:00:08.459 +0700,tomtom,FRC2,25.0,28.0,928.0,828.0,0.672393,false,0.8929,0.1071,100.0,LANCAR,2026-09-29 09:00:10.474 +0700,2026-09-29 09:00:10.524 +0700
MR-01,2026-09-29 09:00:08.459 +0700,tomtom,FRC4,28.0,33.0,449.0,381.0,0.608401,false,0.8485,0.1515,68.0,LANCAR,2026-09-29 09:00:10.776 +0700,2026-09-29 09:00:12.592 +0700
MR-02,2026-09-29 09:00:08.459 +0700,tomtom,FRC4,30.0,37.0,2364.0,1917.0,0.774256,false,0.8108,0.1892,447.0,LANCAR,2026-09-29 09:00:10.994 +0700,2026-09-29 09:00:12.592 +0700
MR-03,2026-09-29 09:00:08.459 +0700,tomtom,FRC4,30.0,37.0,2364.0,1917.0,0.774256,false,0.8108,0.1892,447.0,LANCAR,2026-09-29 09:00:11.292 +0700,2026-09-29 09:00:12.592 +0700
AY-01,2026-09-29 09:02:19.126 +0700,tomtom,FRC4,50.0,50.0,142.0,142.0,1.0,false,1.0,0.0,0.0,LANCAR,2026-09-29 09:02:20.004 +0700,2026-09-29 09:02:20.668 +0700
AY-02,2026-09-29 09:02:19.126 +0700,tomtom,FRC4,45.0,45.0,179.0,179.0,1.0,false,1.0,0.0,0.0,LANCAR,2026-09-29 09:02:20.222 +0700,2026-09-29 09:02:20.668 +0700
AY-03,2026-09-29 09:02:19.126 +0700,tomtom,FRC4,45.0,45.0,179.0,179.0,1.0,false,1.0,0.0,0.0,LANCAR,2026-09-29 09:02:20.510 +0700,2026-09-29 09:02:20.668 +0700
DR-01,2026-09-29 09:02:19.126 +0700,tomtom,FRC2,34.0,34.0,547.0,547.0,1.0,false,1.0,0.0,0.0,LANCAR,2026-09-29 09:02:20.720 +0700,2026-09-29 09:02:22.695 +0700
DR-02,2026-09-29 09:02:19.126 +0700,tomtom,FRC2,25.0,28.0,928.0,828.0,0.691095,false,0.8929,0.1071,100.0,LANCAR,2026-09-29 09:02:20.971 +0700,2026-09-29 09:02:22.695 +0700
DR-03,2026-09-29 09:02:19.126 +0700,tomtom,FRC2,25.0,28.0,928.0,828.0,0.691095,false,0.8929,0.1071,100.0,LANCAR,2026-09-29 09:02:21.226 +0700,2026-09-29 09:02:22.695 +0700
MR-01,2026-09-29 09:02:19.126 +0700,tomtom,FRC4,33.0,33.0,381.0,381.0,1.0,false,1.0,0.0,0.0,LANCAR,2026-09-29 09:02:21.532 +0700,2026-09-29 09:02:22.695 +0700
MR-02,2026-09-29 09:02:19.126 +0700,tomtom,FRC4,31.0,38.0,2288.0,1866.0,0.780056,false,0.8158,0.1842,422.0,LANCAR,2026-09-29 09:02:21.849 +0700,2026-09-29 09:02:22.695 +0700
MR-03,2026-09-29 09:02:19.126 +0700,tomtom,FRC4,31.0,38.0,2288.0,1866.0,0.780056,false,0.8158,0.1842,422.0,LANCAR,2026-09-29 09:02:22.170 +0700,2026-09-29 09:02:22.695 +0700
AY-01,2026-09-29 09:08:19.021 +0700,tomtom,FRC4,40.0,50.0,177.0,142.0,0.86,false,0.8,0.2,35.0,LANCAR,2026-09-29 09:08:19.316 +0700,2026-09-29 09:08:21.065 +0700
AY-02,2026-09-29 09:08:19.021 +0700,tomtom,FRC4,45.0,45.0,179.0,179.0,1.0,false,1.0,0.0,0.0,LANCAR,2026-09-29 09:08:19.627 +0700,2026-09-29 09:08:21.065 +0700
AY-03,2026-09-29 09:08:19.021 +0700,tomtom,FRC4,45.0,45.0,179.0,179.0,1.0,false,1.0,0.0,0.0,LANCAR,2026-09-29 09:08:19.929 +0700,2026-09-29 09:08:21.065 +0700
DR-01,2026-09-29 09:08:19.021 +0700,tomtom,FRC2,34.0,34.0,547.0,547.0,1.0,false,1.0,0.0,0.0,LANCAR,2026-09-29 09:08:20.146 +0700,2026-09-29 09:08:21.065 +0700
DR-02,2026-09-29 09:08:19.021 +0700,tomtom,FRC2,27.0,28.0,859.0,828.0,0.738706,false,0.9643,0.0357,31.0,LANCAR,2026-09-29 09:08:20.355 +0700,2026-09-29 09:08:21.065 +0700
DR-03,2026-09-29 09:08:19.021 +0700,tomtom,FRC2,27.0,28.0,859.0,828.0,0.738706,false,0.9643,0.0357,31.0,LANCAR,2026-09-29 09:08:20.648 +0700,2026-09-29 09:08:21.065 +0700
MR-01,2026-09-29 09:08:19.021 +0700,tomtom,FRC4,33.0,33.0,381.0,381.0,1.0,false,1.0,0.0,0.0,LANCAR,2026-09-29 09:08:20.855 +0700,2026-09-29 09:08:21.065 +0700
MR-02,2026-09-29 09:08:19.021 +0700,tomtom,FRC4,37.0,37.0,1917.0,1917.0,1.0,false,1.0,0.0,0.0,LANCAR,2026-09-29 09:08:21.167 +0700,2026-09-29 09:08:23.104 +0700
MR-03,2026-09-29 09:08:19.021 +0700,tomtom,FRC4,37.0,37.0,1917.0,1917.0,1.0,false,1.0,0.0,0.0,LANCAR,2026-09-29 09:08:21.410 +0700,2026-09-29 09:08:23.104 +0700
AY-01,2026-09-29 09:14:18.931 +0700,tomtom,FRC4,50.0,50.0,142.0,142.0,1.0,false,1.0,0.0,0.0,LANCAR,2026-09-29 09:14:19.148 +0700,2026-09-29 09:14:19.203 +0700
AY-02,2026-09-29 09:14:18.931 +0700,tomtom,FRC4,30.0,45.0,268.0,179.0,0.81,false,0.6667,0.3333,89.0,PADAT,2026-09-29 09:14:19.354 +0700,2026-09-29 09:14:21.222 +0700
AY-03,2026-09-29 09:14:18.931 +0700,tomtom,FRC4,30.0,45.0,268.0,179.0,0.81,false,0.6667,0.3333,89.0,PADAT,2026-09-29 09:14:19.574 +0700,2026-09-29 09:14:21.222 +0700
DR-01,2026-09-29 09:14:18.931 +0700,tomtom,FRC2,34.0,34.0,547.0,547.0,1.0,false,1.0,0.0,0.0,LANCAR,2026-09-29 09:14:19.780 +0700,2026-09-29 09:14:21.222 +0700
DR-02,2026-09-29 09:14:18.931 +0700,tomtom,FRC2,25.0,28.0,928.0,828.0,0.719556,false,0.8929,0.1071,100.0,LANCAR,2026-09-29 09:14:19.996 +0700,2026-09-29 09:14:21.222 +0700
DR-03,2026-09-29 09:14:18.931 +0700,tomtom,FRC2,25.0,28.0,928.0,828.0,0.719556,false,0.8929,0.1071,100.0,LANCAR,2026-09-29 09:14:20.200 +0700,2026-09-29 09:14:21.222 +0700
MR-01,2026-09-29 09:14:18.931 +0700,tomtom,FRC4,33.0,33.0,381.0,381.0,1.0,false,1.0,0.0,0.0,LANCAR,2026-09-29 09:14:20.414 +0700,2026-09-29 09:14:21.222 +0700
MR-02,2026-09-29 09:14:18.931 +0700,tomtom,FRC4,37.0,37.0,1917.0,1917.0,1.0,false,1.0,0.0,0.0,LANCAR,2026-09-29 09:14:20.625 +0700,2026-09-29 09:14:21.222 +0700
MR-03,2026-09-29 09:14:18.931 +0700,tomtom,FRC4,37.0,37.0,1917.0,1917.0,1.0,false,1.0,0.0,0.0,LANCAR,2026-09-29 09:14:20.833 +0700,2026-09-29 09:14:21.222 +0700
AY-01,2026-09-29 09:20:18.882 +0700,tomtom,FRC4,50.0,50.0,142.0,142.0,1.0,false,1.0,0.0,0.0,LANCAR,2026-09-29 09:20:19.098 +0700,2026-09-29 09:20:19.293 +0700
AY-02,2026-09-29 09:20:18.882 +0700,tomtom,FRC4,28.0,45.0,288.0,179.0,0.87,false,0.6222,0.3778,109.0,PADAT,2026-09-29 09:20:19.307 +0700,2026-09-29 09:20:21.343 +0700
AY-03,2026-09-29 09:20:18.882 +0700,tomtom,FRC4,28.0,45.0,288.0,179.0,0.87,false,0.6222,0.3778,109.0,PADAT,2026-09-29 09:20:19.526 +0700,2026-09-29 09:20:21.343 +0700
DR-01,2026-09-29 09:20:18.882 +0700,tomtom,FRC2,34.0,34.0,547.0,547.0,1.0,false,1.0,0.0,0.0,LANCAR,2026-09-29 09:20:19.731 +0700,2026-09-29 09:20:21.343 +0700
DR-02,2026-09-29 09:20:18.882 +0700,tomtom,FRC2,26.0,27.0,892.0,859.0,0.736624,false,0.963,0.037,33.0,LANCAR,2026-09-29 09:20:19.938 +0700,2026-09-29 09:20:21.343 +0700
DR-03,2026-09-29 09:20:18.882 +0700,tomtom,FRC2,26.0,27.0,892.0,859.0,0.736624,false,0.963,0.037,33.0,LANCAR,2026-09-29 09:20:20.157 +0700,2026-09-29 09:20:21.343 +0700
MR-01,2026-09-29 09:20:18.882 +0700,tomtom,FRC4,33.0,33.0,381.0,381.0,1.0,false,1.0,0.0,0.0,LANCAR,2026-09-29 09:20:20.368 +0700,2026-09-29 09:20:21.343 +0700
MR-02,2026-09-29 09:20:18.882 +0700,tomtom,FRC4,33.0,37.0,2149.0,1917.0,0.683177,false,0.8919,0.1081,232.0,LANCAR,2026-09-29 09:20:20.578 +0700,2026-09-29 09:20:21.343 +0700
MR-03,2026-09-29 09:20:18.882 +0700,tomtom,FRC4,33.0,37.0,2149.0,1917.0,0.683177,false,0.8919,0.1081,232.0,LANCAR,2026-09-29 09:20:20.794 +0700,2026-09-29 09:20:21.343 +0700
AY-01,2026-09-29 09:26:18.789 +0700,tomtom,FRC4,50.0,50.0,142.0,142.0,1.0,false,1.0,0.0,0.0,LANCAR,2026-09-29 09:26:19.222 +0700,2026-09-29 09:26:19.492 +0700
AY-02,2026-09-29 09:26:18.789 +0700,tomtom,FRC4,35.0,45.0,230.0,179.0,0.85,false,0.7778,0.2222,51.0,PADAT,2026-09-29 09:26:19.523 +0700,2026-09-29 09:26:21.634 +0700
AY-03,2026-09-29 09:26:18.789 +0700,tomtom,FRC4,35.0,45.0,230.0,179.0,0.85,false,0.7778,0.2222,51.0,PADAT,2026-09-29 09:26:19.751 +0700,2026-09-29 09:26:21.634 +0700
DR-01,2026-09-29 09:26:18.789 +0700,tomtom,FRC2,34.0,34.0,547.0,547.0,1.0,false,1.0,0.0,0.0,LANCAR,2026-09-29 09:26:19.962 +0700,2026-09-29 09:26:21.634 +0700
DR-02,2026-09-29 09:26:18.789 +0700,tomtom,FRC2,25.0,27.0,928.0,859.0,0.745919,false,0.9259,0.0741,69.0,LANCAR,2026-09-29 09:26:20.177 +0700,2026-09-29 09:26:21.634 +0700
DR-03,2026-09-29 09:26:18.789 +0700,tomtom,FRC2,25.0,27.0,928.0,859.0,0.745919,false,0.9259,0.0741,69.0,LANCAR,2026-09-29 09:26:20.395 +0700,2026-09-29 09:26:21.634 +0700
MR-01,2026-09-29 09:26:18.789 +0700,tomtom,FRC4,33.0,33.0,381.0,381.0,1.0,false,1.0,0.0,0.0,LANCAR,2026-09-29 09:26:20.611 +0700,2026-09-29 09:26:21.634 +0700
MR-02,2026-09-29 09:26:18.789 +0700,tomtom,FRC4,31.0,38.0,2288.0,1866.0,0.69855,false,0.8158,0.1842,422.0,LANCAR,2026-09-29 09:26:20.862 +0700,2026-09-29 09:26:21.634 +0700
MR-03,2026-09-29 09:26:18.789 +0700,tomtom,FRC4,31.0,38.0,2288.0,1866.0,0.69855,false,0.8158,0.1842,422.0,LANCAR,2026-09-29 09:26:21.099 +0700,2026-09-29 09:26:21.634 +0700
AY-01,2026-09-29 09:32:18.790 +0700,tomtom,FRC4,50.0,50.0,142.0,142.0,1.0,false,1.0,0.0,0.0,LANCAR,2026-09-29 09:32:19.007 +0700,2026-09-29 09:32:20.075 +0700
AY-02,2026-09-29 09:32:18.790 +0700,tomtom,FRC4,35.0,44.0,230.0,183.0,0.84,false,0.7955,0.2045,47.0,PADAT,2026-09-29 09:32:19.221 +0700,2026-09-29 09:32:20.075 +0700
AY-03,2026-09-29 09:32:18.790 +0700,tomtom,FRC4,35.0,44.0,230.0,183.0,0.84,false,0.7955,0.2045,47.0,PADAT,2026-09-29 09:32:19.459 +0700,2026-09-29 09:32:20.075 +0700
DR-01,2026-09-29 09:32:18.790 +0700,tomtom,FRC2,34.0,34.0,547.0,547.0,1.0,false,1.0,0.0,0.0,LANCAR,2026-09-29 09:32:19.674 +0700,2026-09-29 09:32:20.075 +0700
DR-02,2026-09-29 09:32:18.790 +0700,tomtom,FRC2,25.0,27.0,928.0,859.0,0.736646,false,0.9259,0.0741,69.0,LANCAR,2026-09-29 09:32:19.898 +0700,2026-09-29 09:32:20.075 +0700
DR-03,2026-09-29 09:32:18.790 +0700,tomtom,FRC2,25.0,27.0,928.0,859.0,0.736646,false,0.9259,0.0741,69.0,LANCAR,2026-09-29 09:32:20.125 +0700,2026-09-29 09:32:22.125 +0700
MR-01,2026-09-29 09:32:18.790 +0700,tomtom,FRC4,33.0,33.0,381.0,381.0,1.0,false,1.0,0.0,0.0,LANCAR,2026-09-29 09:32:20.343 +0700,2026-09-29 09:32:22.125 +0700
MR-02,2026-09-29 09:32:18.790 +0700,tomtom,FRC4,31.0,37.0,2288.0,1917.0,0.704134,false,0.8378,0.1622,371.0,LANCAR,2026-09-29 09:32:20.588 +0700,2026-09-29 09:32:22.125 +0700
MR-03,2026-09-29 09:32:18.790 +0700,tomtom,FRC4,31.0,37.0,2288.0,1917.0,0.704134,false,0.8378,0.1622,371.0,LANCAR,2026-09-29 09:32:20.823 +0700,2026-09-29 09:32:22.125 +0700
AY-01,2026-09-29 09:38:18.791 +0700,tomtom,FRC4,50.0,50.0,142.0,142.0,1.0,false,1.0,0.0,0.0,LANCAR,2026-09-29 09:38:19.004 +0700,2026-09-29 09:38:20.231 +0700
AY-02,2026-09-29 09:38:18.791 +0700,tomtom,FRC4,45.0,45.0,179.0,179.0,1.0,false,1.0,0.0,0.0,LANCAR,2026-09-29 09:38:19.306 +0700,2026-09-29 09:38:20.231 +0700
AY-03,2026-09-29 09:38:18.791 +0700,tomtom,FRC4,45.0,45.0,179.0,179.0,1.0,false,1.0,0.0,0.0,LANCAR,2026-09-29 09:38:19.616 +0700,2026-09-29 09:38:20.231 +0700
DR-01,2026-09-29 09:38:18.791 +0700,tomtom,FRC2,34.0,34.0,547.0,547.0,1.0,false,1.0,0.0,0.0,LANCAR,2026-09-29 09:38:19.923 +0700,2026-09-29 09:38:20.231 +0700
DR-02,2026-09-29 09:38:18.791 +0700,tomtom,FRC2,25.0,28.0,928.0,828.0,0.699593,false,0.8929,0.1071,100.0,LANCAR,2026-09-29 09:38:20.128 +0700,2026-09-29 09:38:20.231 +0700
DR-03,2026-09-29 09:38:18.791 +0700,tomtom,FRC2,25.0,28.0,928.0,828.0,0.699593,false,0.8929,0.1071,100.0,LANCAR,2026-09-29 09:38:20.428 +0700,2026-09-29 09:38:22.271 +0700
MR-01,2026-09-29 09:38:18.791 +0700,tomtom,FRC4,33.0,33.0,381.0,381.0,1.0,false,1.0,0.0,0.0,LANCAR,2026-09-29 09:38:20.744 +0700,2026-09-29 09:38:22.271 +0700
MR-02,2026-09-29 09:38:18.791 +0700,tomtom,FRC4,32.0,38.0,2217.0,1866.0,0.675094,false,0.8421,0.1579,351.0,LANCAR,2026-09-29 09:38:21.055 +0700,2026-09-29 09:38:22.271 +0700
MR-03,2026-09-29 09:38:18.791 +0700,tomtom,FRC4,32.0,38.0,2217.0,1866.0,0.675094,false,0.8421,0.1579,351.0,LANCAR,2026-09-29 09:38:21.271 +0700,2026-09-29 09:38:22.271 +0700
AY-02,2026-10-02 11:33:31.161 +0700,tomtom,FRC4,45.0,45.0,179.0,179.0,1.0,false,1.0,0.0,0.0,LANCAR,2026-10-02 11:33:32.328 +0700,2026-10-02 11:42:49.832 +0700
AY-03,2026-10-02 11:33:31.161 +0700,tomtom,FRC4,45.0,45.0,179.0,179.0,1.0,false,1.0,0.0,0.0,LANCAR,2026-10-02 11:33:32.573 +0700,2026-10-02 11:42:49.832 +0700
DR-02,2026-10-02 11:33:31.161 +0700,tomtom,FRC2,25.0,28.0,928.0,828.0,0.819248,false,0.8929,0.1071,100.0,LANCAR,2026-10-02 11:33:33.090 +0700,2026-10-02 11:42:49.832 +0700
MR-03,2026-10-02 11:33:31.161 +0700,tomtom,FRC4,30.0,38.0,2364.0,1866.0,0.752906,false,0.7895,0.2105,498.0,PADAT,2026-10-02 11:33:34.150 +0700,2026-10-02 11:42:49.832 +0700
AY-02,2026-10-02 11:39:31.113 +0700,tomtom,FRC4,45.0,45.0,179.0,179.0,1.0,false,1.0,0.0,0.0,LANCAR,2026-10-02 11:39:31.561 +0700,2026-10-02 11:42:49.832 +0700
AY-03,2026-10-02 11:39:31.113 +0700,tomtom,FRC4,45.0,45.0,179.0,179.0,1.0,false,1.0,0.0,0.0,LANCAR,2026-10-02 11:39:31.798 +0700,2026-10-02 11:42:49.832 +0700
DR-02,2026-10-02 11:39:31.113 +0700,tomtom,FRC2,28.0,28.0,828.0,828.0,1.0,false,1.0,0.0,0.0,LANCAR,2026-10-02 11:39:32.257 +0700,2026-10-02 11:42:49.832 +0700
MR-03,2026-10-02 11:39:31.113 +0700,tomtom,FRC4,30.0,38.0,2364.0,1866.0,0.74403,false,0.7895,0.2105,498.0,PADAT,2026-10-02 11:39:33.139 +0700,2026-10-02 11:42:49.832 +0700
DR-03,2026-10-02 11:33:31.161 +0700,tomtom,FRC2,25.0,28.0,928.0,828.0,0.819248,false,0.8929,0.1071,100.0,LANCAR,2026-10-02 11:33:33.355 +0700,2026-10-02 11:42:49.832 +0700
MR-02,2026-10-02 11:33:31.161 +0700,tomtom,FRC4,30.0,38.0,2364.0,1866.0,0.752906,false,0.7895,0.2105,498.0,PADAT,2026-10-02 11:33:33.883 +0700,2026-10-02 11:42:49.832 +0700
DR-03,2026-10-02 11:39:31.113 +0700,tomtom,FRC2,28.0,28.0,828.0,828.0,1.0,false,1.0,0.0,0.0,LANCAR,2026-10-02 11:39:32.477 +0700,2026-10-02 11:42:49.832 +0700
MR-02,2026-10-02 11:39:31.113 +0700,tomtom,FRC4,30.0,38.0,2364.0,1866.0,0.74403,false,0.7895,0.2105,498.0,PADAT,2026-10-02 11:39:32.896 +0700,2026-10-02 11:42:49.832 +0700
AY-01,2026-10-02 11:33:31.161 +0700,tomtom,FRC4,50.0,50.0,142.0,142.0,1.0,false,1.0,0.0,0.0,LANCAR,2026-10-02 11:33:32.100 +0700,2026-10-02 11:42:49.832 +0700
DR-01,2026-10-02 11:33:31.161 +0700,tomtom,FRC2,34.0,34.0,547.0,547.0,1.0,false,1.0,0.0,0.0,LANCAR,2026-10-02 11:33:32.825 +0700,2026-10-02 11:42:49.832 +0700
MR-01,2026-10-02 11:33:31.161 +0700,tomtom,FRC4,33.0,33.0,381.0,381.0,1.0,false,1.0,0.0,0.0,LANCAR,2026-10-02 11:33:33.615 +0700,2026-10-02 11:42:49.832 +0700
AY-01,2026-10-02 11:39:31.113 +0700,tomtom,FRC4,50.0,50.0,142.0,142.0,1.0,false,1.0,0.0,0.0,LANCAR,2026-10-02 11:39:31.343 +0700,2026-10-02 11:42:49.832 +0700
DR-01,2026-10-02 11:39:31.113 +0700,tomtom,FRC2,34.0,34.0,547.0,547.0,1.0,false,1.0,0.0,0.0,LANCAR,2026-10-02 11:39:32.025 +0700,2026-10-02 11:42:49.832 +0700
MR-01,2026-10-02 11:39:31.113 +0700,tomtom,FRC4,33.0,33.0,381.0,381.0,1.0,false,1.0,0.0,0.0,LANCAR,2026-10-02 11:39:32.681 +0700,2026-10-02 11:42:49.832 +0700
AY-01,2026-10-02 11:45:31.065 +0700,tomtom,FRC4,50.0,50.0,142.0,142.0,1.0,false,1.0,0.0,0.0,LANCAR,2026-10-02 11:45:31.290 +0700,2026-10-02 11:45:32.053 +0700
AY-02,2026-10-02 11:45:31.065 +0700,tomtom,FRC4,45.0,45.0,179.0,179.0,1.0,false,1.0,0.0,0.0,LANCAR,2026-10-02 11:45:31.520 +0700,2026-10-02 11:45:32.053 +0700
AY-03,2026-10-02 11:45:31.065 +0700,tomtom,FRC4,45.0,45.0,179.0,179.0,1.0,false,1.0,0.0,0.0,LANCAR,2026-10-02 11:45:31.730 +0700,2026-10-02 11:45:32.053 +0700
DR-01,2026-10-02 11:45:31.065 +0700,tomtom,FRC2,34.0,34.0,547.0,547.0,1.0,false,1.0,0.0,0.0,LANCAR,2026-10-02 11:45:31.938 +0700,2026-10-02 11:45:32.053 +0700
DR-02,2026-10-02 11:45:31.065 +0700,tomtom,FRC2,25.0,28.0,928.0,828.0,0.838324,false,0.8929,0.1071,100.0,LANCAR,2026-10-02 11:45:32.143 +0700,2026-10-02 11:45:34.067 +0700
DR-03,2026-10-02 11:45:31.065 +0700,tomtom,FRC2,25.0,28.0,928.0,828.0,0.838324,false,0.8929,0.1071,100.0,LANCAR,2026-10-02 11:45:32.359 +0700,2026-10-02 11:45:34.067 +0700
MR-01,2026-10-02 11:45:31.065 +0700,tomtom,FRC4,33.0,33.0,381.0,381.0,1.0,false,1.0,0.0,0.0,LANCAR,2026-10-02 11:45:32.573 +0700,2026-10-02 11:45:34.067 +0700
MR-02,2026-10-02 11:45:31.065 +0700,tomtom,FRC4,31.0,38.0,2288.0,1866.0,0.770713,false,0.8158,0.1842,422.0,LANCAR,2026-10-02 11:45:32.794 +0700,2026-10-02 11:45:34.067 +0700
MR-03,2026-10-02 11:45:31.065 +0700,tomtom,FRC4,31.0,38.0,2288.0,1866.0,0.770713,false,0.8158,0.1842,422.0,LANCAR,2026-10-02 11:45:33.016 +0700,2026-10-02 11:45:34.067 +0700
AY-01,2026-10-02 11:52:47.634 +0700,tomtom,FRC4,50.0,50.0,142.0,142.0,1.0,false,1.0,0.0,0.0,LANCAR,2026-10-02 11:52:48.762 +0700,2026-10-02 11:52:53.714 +0700
DR-01,2026-10-02 11:52:47.634 +0700,tomtom,FRC2,34.0,34.0,547.0,547.0,1.0,false,1.0,0.0,0.0,LANCAR,2026-10-02 11:52:49.467 +0700,2026-10-02 11:52:53.714 +0700
MR-01,2026-10-02 11:52:47.634 +0700,tomtom,FRC4,33.0,33.0,381.0,381.0,1.0,false,1.0,0.0,0.0,LANCAR,2026-10-02 11:52:50.185 +0700,2026-10-02 11:52:53.714 +0700
DR-03,2026-10-02 11:52:47.634 +0700,tomtom,FRC2,28.0,28.0,828.0,828.0,1.0,false,1.0,0.0,0.0,LANCAR,2026-10-02 11:52:49.952 +0700,2026-10-02 11:52:53.714 +0700
MR-02,2026-10-02 11:52:47.634 +0700,tomtom,FRC4,31.0,37.0,2288.0,1917.0,0.76524,false,0.8378,0.1622,371.0,LANCAR,2026-10-02 11:52:50.489 +0700,2026-10-02 11:52:53.714 +0700
AY-02,2026-10-02 11:52:47.634 +0700,tomtom,FRC4,45.0,45.0,179.0,179.0,1.0,false,1.0,0.0,0.0,LANCAR,2026-10-02 11:52:48.982 +0700,2026-10-02 11:52:53.714 +0700
AY-03,2026-10-02 11:52:47.634 +0700,tomtom,FRC4,45.0,45.0,179.0,179.0,1.0,false,1.0,0.0,0.0,LANCAR,2026-10-02 11:52:49.227 +0700,2026-10-02 11:52:53.714 +0700
DR-02,2026-10-02 11:52:47.634 +0700,tomtom,FRC2,28.0,28.0,828.0,828.0,1.0,false,1.0,0.0,0.0,LANCAR,2026-10-02 11:52:49.739 +0700,2026-10-02 11:52:53.714 +0700
MR-03,2026-10-02 11:52:47.634 +0700,tomtom,FRC4,31.0,37.0,2288.0,1917.0,0.76524,false,0.8378,0.1622,371.0,LANCAR,2026-10-02 11:52:50.796 +0700,2026-10-02 11:52:53.714 +0700
AY-01,2026-10-02 11:58:47.575 +0700,tomtom,FRC4,50.0,50.0,142.0,142.0,1.0,false,1.0,0.0,0.0,LANCAR,2026-10-02 11:58:47.792 +0700,2026-10-02 11:58:48.200 +0700
AY-02,2026-10-02 11:58:47.575 +0700,tomtom,FRC4,45.0,45.0,179.0,179.0,1.0,false,1.0,0.0,0.0,LANCAR,2026-10-02 11:58:48.038 +0700,2026-10-02 11:58:48.200 +0700
AY-03,2026-10-02 11:58:47.575 +0700,tomtom,FRC4,45.0,45.0,179.0,179.0,1.0,false,1.0,0.0,0.0,LANCAR,2026-10-02 11:58:48.272 +0700,2026-10-02 11:58:50.260 +0700
DR-01,2026-10-02 11:58:47.575 +0700,tomtom,FRC2,27.0,35.0,689.0,532.0,0.905052,false,0.7714,0.2286,157.0,PADAT,2026-10-02 11:58:48.522 +0700,2026-10-02 11:58:50.260 +0700
DR-02,2026-10-02 11:58:47.575 +0700,tomtom,FRC2,28.0,28.0,828.0,828.0,1.0,false,1.0,0.0,0.0,LANCAR,2026-10-02 11:58:48.789 +0700,2026-10-02 11:58:50.260 +0700
DR-03,2026-10-02 11:58:47.575 +0700,tomtom,FRC2,28.0,28.0,828.0,828.0,1.0,false,1.0,0.0,0.0,LANCAR,2026-10-02 11:58:49.010 +0700,2026-10-02 11:58:50.260 +0700
MR-01,2026-10-02 11:58:47.575 +0700,tomtom,FRC4,33.0,33.0,381.0,381.0,1.0,false,1.0,0.0,0.0,LANCAR,2026-10-02 11:58:49.230 +0700,2026-10-02 11:58:50.260 +0700
MR-02,2026-10-02 11:58:47.575 +0700,tomtom,FRC4,32.0,38.0,2217.0,1866.0,0.794729,false,0.8421,0.1579,351.0,LANCAR,2026-10-02 11:58:49.448 +0700,2026-10-02 11:58:50.260 +0700
MR-03,2026-10-02 11:58:47.575 +0700,tomtom,FRC4,32.0,38.0,2217.0,1866.0,0.794729,false,0.8421,0.1579,351.0,LANCAR,2026-10-02 11:58:49.663 +0700,2026-10-02 11:58:50.260 +0700
AY-01,2026-10-02 12:04:47.471 +0700,tomtom,FRC4,50.0,50.0,142.0,142.0,1.0,false,1.0,0.0,0.0,LANCAR,2026-10-02 12:04:47.681 +0700,2026-10-02 12:04:48.724 +0700
AY-02,2026-10-02 12:04:47.471 +0700,tomtom,FRC4,45.0,45.0,179.0,179.0,1.0,false,1.0,0.0,0.0,LANCAR,2026-10-02 12:04:47.897 +0700,2026-10-02 12:04:48.724 +0700
AY-03,2026-10-02 12:04:47.471 +0700,tomtom,FRC4,45.0,45.0,179.0,179.0,1.0,false,1.0,0.0,0.0,LANCAR,2026-10-02 12:04:48.100 +0700,2026-10-02 12:04:48.724 +0700
DR-01,2026-10-02 12:04:47.471 +0700,tomtom,FRC2,27.0,35.0,689.0,532.0,0.918892,false,0.7714,0.2286,157.0,PADAT,2026-10-02 12:04:48.331 +0700,2026-10-02 12:04:48.724 +0700
DR-02,2026-10-02 12:04:47.471 +0700,tomtom,FRC2,28.0,28.0,828.0,828.0,1.0,false,1.0,0.0,0.0,LANCAR,2026-10-02 12:04:48.543 +0700,2026-10-02 12:04:48.724 +0700
DR-03,2026-10-02 12:04:47.471 +0700,tomtom,FRC2,28.0,28.0,828.0,828.0,1.0,false,1.0,0.0,0.0,LANCAR,2026-10-02 12:04:48.762 +0700,2026-10-02 12:04:50.753 +0700
MR-01,2026-10-02 12:04:47.471 +0700,tomtom,FRC4,33.0,33.0,381.0,381.0,1.0,false,1.0,0.0,0.0,LANCAR,2026-10-02 12:04:48.978 +0700,2026-10-02 12:04:50.753 +0700
MR-02,2026-10-02 12:04:47.471 +0700,tomtom,FRC4,37.0,37.0,1917.0,1917.0,1.0,false,1.0,0.0,0.0,LANCAR,2026-10-02 12:04:49.194 +0700,2026-10-02 12:04:50.753 +0700
MR-03,2026-10-02 12:04:47.471 +0700,tomtom,FRC4,37.0,37.0,1917.0,1917.0,1.0,false,1.0,0.0,0.0,LANCAR,2026-10-02 12:04:49.430 +0700,2026-10-02 12:04:50.753 +0700
