point_id,target_hour,predicted_congestion,predicted_level,model_version,created_at
AY-01,2026-09-29 02:00:00+00,0.13299993,LANCAR,v202609290116,2026-09-29 01:16:17.207563+00
AY-02,2026-09-29 02:00:00+00,0.13299993,LANCAR,v202609290116,2026-09-29 01:16:17.207563+00
AY-03,2026-09-29 02:00:00+00,0.13299993,LANCAR,v202609290116,2026-09-29 01:16:17.207563+00
DR-01,2026-09-29 02:00:00+00,0.13299993,LANCAR,v202609290116,2026-09-29 01:16:17.207563+00
DR-02,2026-09-29 02:00:00+00,0.13299993,LANCAR,v202609290116,2026-09-29 01:16:17.207563+00
DR-03,2026-09-29 02:00:00+00,0.13299993,LANCAR,v202609290116,2026-09-29 01:16:17.207563+00
MR-01,2026-09-29 02:00:00+00,0.13299993,LANCAR,v202609290116,2026-09-29 01:16:17.207563+00
MR-02,2026-09-29 02:00:00+00,0.13299993,LANCAR,v202609290116,2026-09-29 01:16:17.207563+00
MR-03,2026-09-29 02:00:00+00,0.13299993,LANCAR,v202609290116,2026-09-29 01:16:17.207563+00
AY-01,2026-09-29 03:00:00+00,0.13299993,LANCAR,v202609290116,2026-09-29 01:16:17.207563+00
AY-02,2026-09-29 03:00:00+00,0.13299993,LANCAR,v202609290116,2026-09-29 01:16:17.207563+00
AY-03,2026-09-29 03:00:00+00,0.13299993,LANCAR,v202609290116,2026-09-29 01:16:17.207563+00
DR-01,2026-09-29 03:00:00+00,0.13299993,LANCAR,v202609290116,2026-09-29 01:16:17.207563+00
DR-02,2026-09-29 03:00:00+00,0.13299993,LANCAR,v202609290116,2026-09-29 01:16:17.207563+00
DR-03,2026-09-29 03:00:00+00,0.13299993,LANCAR,v202609290116,2026-09-29 01:16:17.207563+00
MR-01,2026-09-29 03:00:00+00,0.13299993,LANCAR,v202609290116,2026-09-29 01:16:17.207563+00
MR-02,2026-09-29 03:00:00+00,0.13299993,LANCAR,v202609290116,2026-09-29 01:16:17.207563+00
MR-03,2026-09-29 03:00:00+00,0.13299993,LANCAR,v202609290116,2026-09-29 01:16:17.207563+00
AY-01,2026-09-29 04:00:00+00,0.12424885,LANCAR,v202609290116,2026-09-29 01:16:17.207563+00
AY-02,2026-09-29 04:00:00+00,0.12424885,LANCAR,v202609290116,2026-09-29 01:16:17.207563+00
AY-03,2026-09-29 04:00:00+00,0.12424885,LANCAR,v202609290116,2026-09-29 01:16:17.207563+00
DR-01,2026-09-29 04:00:00+00,0.12424885,LANCAR,v202609290116,2026-09-29 01:16:17.207563+00
DR-02,2026-09-29 04:00:00+00,0.12424885,LANCAR,v202609290116,2026-09-29 01:16:17.207563+00
DR-03,2026-09-29 04:00:00+00,0.12424885,LANCAR,v202609290116,2026-09-29 01:16:17.207563+00
MR-01,2026-09-29 04:00:00+00,0.12424885,LANCAR,v202609290116,2026-09-29 01:16:17.207563+00
MR-02,2026-09-29 04:00:00+00,0.12424885,LANCAR,v202609290116,2026-09-29 01:16:17.207563+00
MR-03,2026-09-29 04:00:00+00,0.12424885,LANCAR,v202609290116,2026-09-29 01:16:17.207563+00
AY-01,2026-09-29 05:00:00+00,0.12424885,LANCAR,v202609290116,2026-09-29 01:16:17.207563+00
AY-02,2026-09-29 05:00:00+00,0.12424885,LANCAR,v202609290116,2026-09-29 01:16:17.207563+00
AY-03,2026-09-29 05:00:00+00,0.12424885,LANCAR,v202609290116,2026-09-29 01:16:17.207563+00
DR-01,2026-09-29 05:00:00+00,0.12424885,LANCAR,v202609290116,2026-09-29 01:16:17.207563+00
DR-02,2026-09-29 05:00:00+00,0.12424885,LANCAR,v202609290116,2026-09-29 01:16:17.207563+00
DR-03,2026-09-29 05:00:00+00,0.12424885,LANCAR,v202609290116,2026-09-29 01:16:17.207563+00
MR-01,2026-09-29 05:00:00+00,0.12424885,LANCAR,v202609290116,2026-09-29 01:16:17.207563+00
MR-02,2026-09-29 05:00:00+00,0.12424885,LANCAR,v202609290116,2026-09-29 01:16:17.207563+00
MR-03,2026-09-29 05:00:00+00,0.12424885,LANCAR,v202609290116,2026-09-29 01:16:17.207563+00
AY-01,2026-09-29 06:00:00+00,0.17370754,LANCAR,v202609290116,2026-09-29 01:16:17.207563+00
AY-02,2026-09-29 06:00:00+00,0.17370754,LANCAR,v202609290116,2026-09-29 01:16:17.207563+00
AY-03,2026-09-29 06:00:00+00,0.17370754,LANCAR,v202609290116,2026-09-29 01:16:17.207563+00
DR-01,2026-09-29 06:00:00+00,0.17370754,LANCAR,v202609290116,2026-09-29 01:16:17.207563+00
DR-02,2026-09-29 06:00:00+00,0.17370754,LANCAR,v202609290116,2026-09-29 01:16:17.207563+00
DR-03,2026-09-29 06:00:00+00,0.17370754,LANCAR,v202609290116,2026-09-29 01:16:17.207563+00
MR-01,2026-09-29 06:00:00+00,0.17370754,LANCAR,v202609290116,2026-09-29 01:16:17.207563+00
MR-02,2026-09-29 06:00:00+00,0.17370754,LANCAR,v202609290116,2026-09-29 01:16:17.207563+00
MR-03,2026-09-29 06:00:00+00,0.17370754,LANCAR,v202609290116,2026-09-29 01:16:17.207563+00
AY-01,2026-09-29 07:00:00+00,0.1505254,LANCAR,v202609290116,2026-09-29 01:16:17.207563+00
AY-02,2026-09-29 07:00:00+00,0.1505254,LANCAR,v202609290116,2026-09-29 01:16:17.207563+00
AY-03,2026-09-29 07:00:00+00,0.1505254,LANCAR,v202609290116,2026-09-29 01:16:17.207563+00
DR-01,2026-09-29 07:00:00+00,0.1505254,LANCAR,v202609290116,2026-09-29 01:16:17.207563+00
DR-02,2026-09-29 07:00:00+00,0.1505254,LANCAR,v202609290116,2026-09-29 01:16:17.207563+00
DR-03,2026-09-29 07:00:00+00,0.1505254,LANCAR,v202609290116,2026-09-29 01:16:17.207563+00
MR-01,2026-09-29 07:00:00+00,0.1505254,LANCAR,v202609290116,2026-09-29 01:16:17.207563+00
MR-02,2026-09-29 07:00:00+00,0.1505254,LANCAR,v202609290116,2026-09-29 01:16:17.207563+00
MR-03,2026-09-29 07:00:00+00,0.1505254,LANCAR,v202609290116,2026-09-29 01:16:17.207563+00
AY-01,2026-09-29 08:00:00+00,0.15927647,LANCAR,v202609290116,2026-09-29 01:16:17.207563+00
AY-02,2026-09-29 08:00:00+00,0.15927647,LANCAR,v202609290116,2026-09-29 01:16:17.207563+00
AY-03,2026-09-29 08:00:00+00,0.15927647,LANCAR,v202609290116,2026-09-29 01:16:17.207563+00
DR-01,2026-09-29 08:00:00+00,0.15927647,LANCAR,v202609290116,2026-09-29 01:16:17.207563+00
DR-02,2026-09-29 08:00:00+00,0.15927647,LANCAR,v202609290116,2026-09-29 01:16:17.207563+00
DR-03,2026-09-29 08:00:00+00,0.15927647,LANCAR,v202609290116,2026-09-29 01:16:17.207563+00
MR-01,2026-09-29 08:00:00+00,0.15927647,LANCAR,v202609290116,2026-09-29 01:16:17.207563+00
MR-02,2026-09-29 08:00:00+00,0.15927647,LANCAR,v202609290116,2026-09-29 01:16:17.207563+00
MR-03,2026-09-29 08:00:00+00,0.15927647,LANCAR,v202609290116,2026-09-29 01:16:17.207563+00
AY-01,2026-09-29 09:00:00+00,0.5392249,MACET,v202609290116,2026-09-29 01:16:17.207563+00
AY-02,2026-09-29 09:00:00+00,0.5392249,MACET,v202609290116,2026-09-29 01:16:17.207563+00
AY-03,2026-09-29 09:00:00+00,0.5392249,MACET,v202609290116,2026-09-29 01:16:17.207563+00
DR-01,2026-09-29 09:00:00+00,0.5392249,MACET,v202609290116,2026-09-29 01:16:17.207563+00
DR-02,2026-09-29 09:00:00+00,0.5392249,MACET,v202609290116,2026-09-29 01:16:17.207563+00
DR-03,2026-09-29 09:00:00+00,0.5392249,MACET,v202609290116,2026-09-29 01:16:17.207563+00
MR-01,2026-09-29 09:00:00+00,0.5392249,MACET,v202609290116,2026-09-29 01:16:17.207563+00
MR-02,2026-09-29 09:00:00+00,0.5392249,MACET,v202609290116,2026-09-29 01:16:17.207563+00
MR-03,2026-09-29 09:00:00+00,0.5392249,MACET,v202609290116,2026-09-29 01:16:17.207563+00
AY-01,2026-09-29 10:00:00+00,0.5697315,MACET,v202609290116,2026-09-29 01:16:17.207563+00
AY-02,2026-09-29 10:00:00+00,0.5697315,MACET,v202609290116,2026-09-29 01:16:17.207563+00
AY-03,2026-09-29 10:00:00+00,0.5697315,MACET,v202609290116,2026-09-29 01:16:17.207563+00
DR-01,2026-09-29 10:00:00+00,0.5697315,MACET,v202609290116,2026-09-29 01:16:17.207563+00
DR-02,2026-09-29 10:00:00+00,0.5697315,MACET,v202609290116,2026-09-29 01:16:17.207563+00
DR-03,2026-09-29 10:00:00+00,0.5697315,MACET,v202609290116,2026-09-29 01:16:17.207563+00
MR-01,2026-09-29 10:00:00+00,0.5697315,MACET,v202609290116,2026-09-29 01:16:17.207563+00
MR-02,2026-09-29 10:00:00+00,0.5697315,MACET,v202609290116,2026-09-29 01:16:17.207563+00
MR-03,2026-09-29 10:00:00+00,0.5697315,MACET,v202609290116,2026-09-29 01:16:17.207563+00
AY-01,2026-09-29 11:00:00+00,0.61919016,MACET,v202609290116,2026-09-29 01:16:17.207563+00
AY-02,2026-09-29 11:00:00+00,0.61919016,MACET,v202609290116,2026-09-29 01:16:17.207563+00
AY-03,2026-09-29 11:00:00+00,0.61919016,MACET,v202609290116,2026-09-29 01:16:17.207563+00
DR-01,2026-09-29 11:00:00+00,0.61919016,MACET,v202609290116,2026-09-29 01:16:17.207563+00
DR-02,2026-09-29 11:00:00+00,0.61919016,MACET,v202609290116,2026-09-29 01:16:17.207563+00
DR-03,2026-09-29 11:00:00+00,0.61919016,MACET,v202609290116,2026-09-29 01:16:17.207563+00
MR-01,2026-09-29 11:00:00+00,0.61919016,MACET,v202609290116,2026-09-29 01:16:17.207563+00
MR-02,2026-09-29 11:00:00+00,0.61919016,MACET,v202609290116,2026-09-29 01:16:17.207563+00
MR-03,2026-09-29 11:00:00+00,0.61919016,MACET,v202609290116,2026-09-29 01:16:17.207563+00
AY-01,2026-09-29 12:00:00+00,0.23834804,PADAT,v202609290116,2026-09-29 01:16:17.207563+00
AY-02,2026-09-29 12:00:00+00,0.23834804,PADAT,v202609290116,2026-09-29 01:16:17.207563+00
AY-03,2026-09-29 12:00:00+00,0.23834804,PADAT,v202609290116,2026-09-29 01:16:17.207563+00
DR-01,2026-09-29 12:00:00+00,0.23834804,PADAT,v202609290116,2026-09-29 01:16:17.207563+00
DR-02,2026-09-29 12:00:00+00,0.23834804,PADAT,v202609290116,2026-09-29 01:16:17.207563+00
DR-03,2026-09-29 12:00:00+00,0.23834804,PADAT,v202609290116,2026-09-29 01:16:17.207563+00
MR-01,2026-09-29 12:00:00+00,0.23834804,PADAT,v202609290116,2026-09-29 01:16:17.207563+00
MR-02,2026-09-29 12:00:00+00,0.23834804,PADAT,v202609290116,2026-09-29 01:16:17.207563+00
MR-03,2026-09-29 12:00:00+00,0.23834804,PADAT,v202609290116,2026-09-29 01:16:17.207563+00
AY-01,2026-09-29 13:00:00+00,0.18888935,LANCAR,v202609290116,2026-09-29 01:16:17.207563+00
AY-02,2026-09-29 13:00:00+00,0.18888935,LANCAR,v202609290116,2026-09-29 01:16:17.207563+00
AY-03,2026-09-29 13:00:00+00,0.18888935,LANCAR,v202609290116,2026-09-29 01:16:17.207563+00
DR-01,2026-09-29 13:00:00+00,0.18888935,LANCAR,v202609290116,2026-09-29 01:16:17.207563+00
DR-02,2026-09-29 13:00:00+00,0.18888935,LANCAR,v202609290116,2026-09-29 01:16:17.207563+00
DR-03,2026-09-29 13:00:00+00,0.18888935,LANCAR,v202609290116,2026-09-29 01:16:17.207563+00
MR-01,2026-09-29 13:00:00+00,0.18888935,LANCAR,v202609290116,2026-09-29 01:16:17.207563+00
MR-02,2026-09-29 13:00:00+00,0.18888935,LANCAR,v202609290116,2026-09-29 01:16:17.207563+00
MR-03,2026-09-29 13:00:00+00,0.18888935,LANCAR,v202609290116,2026-09-29 01:16:17.207563+00
AY-01,2026-09-29 14:00:00+00,0.18888935,LANCAR,v202609290116,2026-09-29 01:16:17.207563+00
AY-02,2026-09-29 14:00:00+00,0.18888935,LANCAR,v202609290116,2026-09-29 01:16:17.207563+00
AY-03,2026-09-29 14:00:00+00,0.18888935,LANCAR,v202609290116,2026-09-29 01:16:17.207563+00
DR-01,2026-09-29 14:00:00+00,0.18888935,LANCAR,v202609290116,2026-09-29 01:16:17.207563+00
DR-02,2026-09-29 14:00:00+00,0.18888935,LANCAR,v202609290116,2026-09-29 01:16:17.207563+00
DR-03,2026-09-29 14:00:00+00,0.18888935,LANCAR,v202609290116,2026-09-29 01:16:17.207563+00
MR-01,2026-09-29 14:00:00+00,0.18888935,LANCAR,v202609290116,2026-09-29 01:16:17.207563+00
MR-02,2026-09-29 14:00:00+00,0.18888935,LANCAR,v202609290116,2026-09-29 01:16:17.207563+00
MR-03,2026-09-29 14:00:00+00,0.18888935,LANCAR,v202609290116,2026-09-29 01:16:17.207563+00
AY-01,2026-09-29 15:00:00+00,0.18888935,LANCAR,v202609290116,2026-09-29 01:16:17.207563+00
AY-02,2026-09-29 15:00:00+00,0.18888935,LANCAR,v202609290116,2026-09-29 01:16:17.207563+00
AY-03,2026-09-29 15:00:00+00,0.18888935,LANCAR,v202609290116,2026-09-29 01:16:17.207563+00
DR-01,2026-09-29 15:00:00+00,0.18888935,LANCAR,v202609290116,2026-09-29 01:16:17.207563+00
DR-02,2026-09-29 15:00:00+00,0.18888935,LANCAR,v202609290116,2026-09-29 01:16:17.207563+00
DR-03,2026-09-29 15:00:00+00,0.18888935,LANCAR,v202609290116,2026-09-29 01:16:17.207563+00
MR-01,2026-09-29 15:00:00+00,0.18888935,LANCAR,v202609290116,2026-09-29 01:16:17.207563+00
MR-02,2026-09-29 15:00:00+00,0.18888935,LANCAR,v202609290116,2026-09-29 01:16:17.207563+00
MR-03,2026-09-29 15:00:00+00,0.18888935,LANCAR,v202609290116,2026-09-29 01:16:17.207563+00
AY-01,2026-09-29 16:00:00+00,0.18888935,LANCAR,v202609290116,2026-09-29 01:16:17.207563+00
AY-02,2026-09-29 16:00:00+00,0.18888935,LANCAR,v202609290116,2026-09-29 01:16:17.207563+00
AY-03,2026-09-29 16:00:00+00,0.18888935,LANCAR,v202609290116,2026-09-29 01:16:17.207563+00
DR-01,2026-09-29 16:00:00+00,0.18888935,LANCAR,v202609290116,2026-09-29 01:16:17.207563+00
DR-02,2026-09-29 16:00:00+00,0.18888935,LANCAR,v202609290116,2026-09-29 01:16:17.207563+00
DR-03,2026-09-29 16:00:00+00,0.18888935,LANCAR,v202609290116,2026-09-29 01:16:17.207563+00
MR-01,2026-09-29 16:00:00+00,0.18888935,LANCAR,v202609290116,2026-09-29 01:16:17.207563+00
MR-02,2026-09-29 16:00:00+00,0.18888935,LANCAR,v202609290116,2026-09-29 01:16:17.207563+00
MR-03,2026-09-29 16:00:00+00,0.18888935,LANCAR,v202609290116,2026-09-29 01:16:17.207563+00
AY-01,2026-09-29 17:00:00+00,0.13299993,LANCAR,v202609290116,2026-09-29 01:16:17.207563+00
AY-02,2026-09-29 17:00:00+00,0.13299993,LANCAR,v202609290116,2026-09-29 01:16:17.207563+00
AY-03,2026-09-29 17:00:00+00,0.13299993,LANCAR,v202609290116,2026-09-29 01:16:17.207563+00
DR-01,2026-09-29 17:00:00+00,0.13299993,LANCAR,v202609290116,2026-09-29 01:16:17.207563+00
DR-02,2026-09-29 17:00:00+00,0.13299993,LANCAR,v202609290116,2026-09-29 01:16:17.207563+00
DR-03,2026-09-29 17:00:00+00,0.13299993,LANCAR,v202609290116,2026-09-29 01:16:17.207563+00
MR-01,2026-09-29 17:00:00+00,0.13299993,LANCAR,v202609290116,2026-09-29 01:16:17.207563+00
MR-02,2026-09-29 17:00:00+00,0.13299993,LANCAR,v202609290116,2026-09-29 01:16:17.207563+00
MR-03,2026-09-29 17:00:00+00,0.13299993,LANCAR,v202609290116,2026-09-29 01:16:17.207563+00
AY-01,2026-09-29 18:00:00+00,0.38871157,PADAT,v202609291744,2026-09-29 17:44:16.14868+00
AY-02,2026-09-29 18:00:00+00,0.38816923,PADAT,v202609291744,2026-09-29 17:44:16.14868+00
AY-03,2026-09-29 18:00:00+00,0.38589048,PADAT,v202609291744,2026-09-29 17:44:16.14868+00
DR-01,2026-09-29 18:00:00+00,0.38898212,PADAT,v202609291744,2026-09-29 17:44:16.14868+00
DR-02,2026-09-29 18:00:00+00,0.38816923,PADAT,v202609291744,2026-09-29 17:44:16.14868+00
DR-03,2026-09-29 18:00:00+00,0.38929617,PADAT,v202609291744,2026-09-29 17:44:16.14868+00
MR-01,2026-09-29 18:00:00+00,0.38816923,PADAT,v202609291744,2026-09-29 17:44:16.14868+00
MR-02,2026-09-29 18:00:00+00,0.38816923,PADAT,v202609291744,2026-09-29 17:44:16.14868+00
MR-03,2026-09-29 18:00:00+00,0.38779947,PADAT,v202609291744,2026-09-29 17:44:16.14868+00
AY-01,2026-09-29 19:00:00+00,0.38871157,PADAT,v202609291744,2026-09-29 17:44:16.14868+00
AY-02,2026-09-29 19:00:00+00,0.38816923,PADAT,v202609291744,2026-09-29 17:44:16.14868+00
AY-03,2026-09-29 19:00:00+00,0.38589048,PADAT,v202609291744,2026-09-29 17:44:16.14868+00
DR-01,2026-09-29 19:00:00+00,0.38898212,PADAT,v202609291744,2026-09-29 17:44:16.14868+00
DR-02,2026-09-29 19:00:00+00,0.38816923,PADAT,v202609291744,2026-09-29 17:44:16.14868+00
DR-03,2026-09-29 19:00:00+00,0.38929617,PADAT,v202609291744,2026-09-29 17:44:16.14868+00
MR-01,2026-09-29 19:00:00+00,0.38816923,PADAT,v202609291744,2026-09-29 17:44:16.14868+00
MR-02,2026-09-29 19:00:00+00,0.38816923,PADAT,v202609291744,2026-09-29 17:44:16.14868+00
MR-03,2026-09-29 19:00:00+00,0.38779947,PADAT,v202609291744,2026-09-29 17:44:16.14868+00
AY-01,2026-09-29 20:00:00+00,0.38911512,PADAT,v202609291744,2026-09-29 17:44:16.14868+00
AY-02,2026-09-29 20:00:00+00,0.38857278,PADAT,v202609291744,2026-09-29 17:44:16.14868+00
AY-03,2026-09-29 20:00:00+00,0.386294,PADAT,v202609291744,2026-09-29 17:44:16.14868+00
DR-01,2026-09-29 20:00:00+00,0.38938567,PADAT,v202609291744,2026-09-29 17:44:16.14868+00
DR-02,2026-09-29 20:00:00+00,0.38857278,PADAT,v202609291744,2026-09-29 17:44:16.14868+00
DR-03,2026-09-29 20:00:00+00,0.3896997,PADAT,v202609291744,2026-09-29 17:44:16.14868+00
MR-01,2026-09-29 20:00:00+00,0.38857278,PADAT,v202609291744,2026-09-29 17:44:16.14868+00
MR-02,2026-09-29 20:00:00+00,0.38857278,PADAT,v202609291744,2026-09-29 17:44:16.14868+00
MR-03,2026-09-29 20:00:00+00,0.388203,PADAT,v202609291744,2026-09-29 17:44:16.14868+00
AY-01,2026-09-29 21:00:00+00,0.41183513,PADAT,v202609291744,2026-09-29 17:44:16.14868+00
AY-02,2026-09-29 21:00:00+00,0.4112928,PADAT,v202609291744,2026-09-29 17:44:16.14868+00
AY-03,2026-09-29 21:00:00+00,0.40880015,PADAT,v202609291744,2026-09-29 17:44:16.14868+00
DR-01,2026-09-29 21:00:00+00,0.41210568,PADAT,v202609291744,2026-09-29 17:44:16.14868+00
DR-02,2026-09-29 21:00:00+00,0.4112928,PADAT,v202609291744,2026-09-29 17:44:16.14868+00
DR-03,2026-09-29 21:00:00+00,0.4124197,PADAT,v202609291744,2026-09-29 17:44:16.14868+00
MR-01,2026-09-29 21:00:00+00,0.4112928,PADAT,v202609291744,2026-09-29 17:44:16.14868+00
MR-02,2026-09-29 21:00:00+00,0.4112928,PADAT,v202609291744,2026-09-29 17:44:16.14868+00
MR-03,2026-09-29 21:00:00+00,0.410923,PADAT,v202609291744,2026-09-29 17:44:16.14868+00
AY-01,2026-09-29 22:00:00+00,0.41183513,PADAT,v202609291744,2026-09-29 17:44:16.14868+00
AY-02,2026-09-29 22:00:00+00,0.4112928,PADAT,v202609291744,2026-09-29 17:44:16.14868+00
AY-03,2026-09-29 22:00:00+00,0.40880015,PADAT,v202609291744,2026-09-29 17:44:16.14868+00
DR-01,2026-09-29 22:00:00+00,0.41210568,PADAT,v202609291744,2026-09-29 17:44:16.14868+00
DR-02,2026-09-29 22:00:00+00,0.4112928,PADAT,v202609291744,2026-09-29 17:44:16.14868+00
DR-03,2026-09-29 22:00:00+00,0.4124197,PADAT,v202609291744,2026-09-29 17:44:16.14868+00
MR-01,2026-09-29 22:00:00+00,0.4112928,PADAT,v202609291744,2026-09-29 17:44:16.14868+00
MR-02,2026-09-29 22:00:00+00,0.4112928,PADAT,v202609291744,2026-09-29 17:44:16.14868+00
MR-03,2026-09-29 22:00:00+00,0.410923,PADAT,v202609291744,2026-09-29 17:44:16.14868+00
AY-01,2026-09-29 23:00:00+00,0.38911512,PADAT,v202609291744,2026-09-29 17:44:16.14868+00
AY-02,2026-09-29 23:00:00+00,0.38857278,PADAT,v202609291744,2026-09-29 17:44:16.14868+00
AY-03,2026-09-29 23:00:00+00,0.386294,PADAT,v202609291744,2026-09-29 17:44:16.14868+00
DR-01,2026-09-29 23:00:00+00,0.38938567,PADAT,v202609291744,2026-09-29 17:44:16.14868+00
DR-02,2026-09-29 23:00:00+00,0.38857278,PADAT,v202609291744,2026-09-29 17:44:16.14868+00
DR-03,2026-09-29 23:00:00+00,0.3896997,PADAT,v202609291744,2026-09-29 17:44:16.14868+00
MR-01,2026-09-29 23:00:00+00,0.38857278,PADAT,v202609291744,2026-09-29 17:44:16.14868+00
MR-02,2026-09-29 23:00:00+00,0.38857278,PADAT,v202609291744,2026-09-29 17:44:16.14868+00
MR-03,2026-09-29 23:00:00+00,0.388203,PADAT,v202609291744,2026-09-29 17:44:16.14868+00
AY-01,2026-09-30 00:00:00+00,0.41183513,PADAT,v202609291744,2026-09-29 17:44:16.14868+00
AY-02,2026-09-30 00:00:00+00,0.4112928,PADAT,v202609291744,2026-09-29 17:44:16.14868+00
AY-03,2026-09-30 00:00:00+00,0.40880015,PADAT,v202609291744,2026-09-29 17:44:16.14868+00
DR-01,2026-09-30 00:00:00+00,0.41210568,PADAT,v202609291744,2026-09-29 17:44:16.14868+00
DR-02,2026-09-30 00:00:00+00,0.4112928,PADAT,v202609291744,2026-09-29 17:44:16.14868+00
DR-03,2026-09-30 00:00:00+00,0.4124197,PADAT,v202609291744,2026-09-29 17:44:16.14868+00
MR-01,2026-09-30 00:00:00+00,0.4112928,PADAT,v202609291744,2026-09-29 17:44:16.14868+00
MR-02,2026-09-30 00:00:00+00,0.4112928,PADAT,v202609291744,2026-09-29 17:44:16.14868+00
MR-03,2026-09-30 00:00:00+00,0.410923,PADAT,v202609291744,2026-09-29 17:44:16.14868+00
AY-01,2026-09-30 01:00:00+00,0.3456737,PADAT,v202609291744,2026-09-29 17:44:16.14868+00
AY-02,2026-09-30 01:00:00+00,0.34592357,PADAT,v202609291744,2026-09-29 17:44:16.14868+00
AY-03,2026-09-30 01:00:00+00,0.34383878,PADAT,v202609291744,2026-09-29 17:44:16.14868+00
DR-01,2026-09-30 01:00:00+00,0.34659037,PADAT,v202609291744,2026-09-29 17:44:16.14868+00
DR-02,2026-09-30 01:00:00+00,0.34592357,PADAT,v202609291744,2026-09-29 17:44:16.14868+00
DR-03,2026-09-30 01:00:00+00,0.34713906,PADAT,v202609291744,2026-09-29 17:44:16.14868+00
MR-01,2026-09-30 01:00:00+00,0.34592357,PADAT,v202609291744,2026-09-29 17:44:16.14868+00
MR-02,2026-09-30 01:00:00+00,0.34592357,PADAT,v202609291744,2026-09-29 17:44:16.14868+00
MR-03,2026-09-30 01:00:00+00,0.34607297,PADAT,v202609291744,2026-09-29 17:44:16.14868+00
AY-01,2026-09-30 02:00:00+00,0.10976241,LANCAR,v202609291744,2026-09-29 17:44:16.14868+00
AY-02,2026-09-30 02:00:00+00,0.110012256,LANCAR,v202609291744,2026-09-29 17:44:16.14868+00
AY-03,2026-09-30 02:00:00+00,0.10710135,LANCAR,v202609291744,2026-09-29 17:44:16.14868+00
DR-01,2026-09-30 02:00:00+00,0.10980926,LANCAR,v202609291744,2026-09-29 17:44:16.14868+00
DR-02,2026-09-30 02:00:00+00,0.110012256,LANCAR,v202609291744,2026-09-29 17:44:16.14868+00
DR-03,2026-09-30 02:00:00+00,0.11029648,LANCAR,v202609291744,2026-09-29 17:44:16.14868+00
MR-01,2026-09-30 02:00:00+00,0.110012256,LANCAR,v202609291744,2026-09-29 17:44:16.14868+00
MR-02,2026-09-30 02:00:00+00,0.110012256,LANCAR,v202609291744,2026-09-29 17:44:16.14868+00
MR-03,2026-09-30 02:00:00+00,0.10950668,LANCAR,v202609291744,2026-09-29 17:44:16.14868+00
AY-01,2026-09-30 03:00:00+00,0.10510817,LANCAR,v202609291744,2026-09-29 17:44:16.14868+00
AY-02,2026-09-30 03:00:00+00,0.10408516,LANCAR,v202609291744,2026-09-29 17:44:16.14868+00
AY-03,2026-09-30 03:00:00+00,0.10117426,LANCAR,v202609291744,2026-09-29 17:44:16.14868+00
DR-01,2026-09-30 03:00:00+00,0.10464595,LANCAR,v202609291744,2026-09-29 17:44:16.14868+00
DR-02,2026-09-30 03:00:00+00,0.10408516,LANCAR,v202609291744,2026-09-29 17:44:16.14868+00
DR-03,2026-09-30 03:00:00+00,0.104624875,LANCAR,v202609291744,2026-09-29 17:44:16.14868+00
MR-01,2026-09-30 03:00:00+00,0.10408516,LANCAR,v202609291744,2026-09-29 17:44:16.14868+00
MR-02,2026-09-30 03:00:00+00,0.10408516,LANCAR,v202609291744,2026-09-29 17:44:16.14868+00
MR-03,2026-09-30 03:00:00+00,0.10357959,LANCAR,v202609291744,2026-09-29 17:44:16.14868+00
AY-01,2026-09-30 04:00:00+00,0.07599374,LANCAR,v202609291744,2026-09-29 17:44:16.14868+00
AY-02,2026-09-30 04:00:00+00,0.0753209,LANCAR,v202609291744,2026-09-29 17:44:16.14868+00
AY-03,2026-09-30 04:00:00+00,0.07307644,LANCAR,v202609291744,2026-09-29 17:44:16.14868+00
DR-01,2026-09-30 04:00:00+00,0.076215535,LANCAR,v202609291744,2026-09-29 17:44:16.14868+00
DR-02,2026-09-30 04:00:00+00,0.0753209,LANCAR,v202609291744,2026-09-29 17:44:16.14868+00
DR-03,2026-09-30 04:00:00+00,0.076419935,LANCAR,v202609291744,2026-09-29 17:44:16.14868+00
MR-01,2026-09-30 04:00:00+00,0.075321555,LANCAR,v202609291744,2026-09-29 17:44:16.14868+00
MR-02,2026-09-30 04:00:00+00,0.0753209,LANCAR,v202609291744,2026-09-29 17:44:16.14868+00
MR-03,2026-09-30 04:00:00+00,0.075079,LANCAR,v202609291744,2026-09-29 17:44:16.14868+00
AY-01,2026-09-30 05:00:00+00,0.08143242,LANCAR,v202609291744,2026-09-29 17:44:16.14868+00
AY-02,2026-09-30 05:00:00+00,0.07953816,LANCAR,v202609291744,2026-09-29 17:44:16.14868+00
AY-03,2026-09-30 05:00:00+00,0.07729371,LANCAR,v202609291744,2026-09-29 17:44:16.14868+00
DR-01,2026-09-30 05:00:00+00,0.08102012,LANCAR,v202609291744,2026-09-29 17:44:16.14868+00
DR-02,2026-09-30 05:00:00+00,0.07953816,LANCAR,v202609291744,2026-09-29 17:44:16.14868+00
DR-03,2026-09-30 05:00:00+00,0.081224516,LANCAR,v202609291744,2026-09-29 17:44:16.14868+00
MR-01,2026-09-30 05:00:00+00,0.079538815,LANCAR,v202609291744,2026-09-29 17:44:16.14868+00
MR-02,2026-09-30 05:00:00+00,0.07953816,LANCAR,v202609291744,2026-09-29 17:44:16.14868+00
MR-03,2026-09-30 05:00:00+00,0.07929627,LANCAR,v202609291744,2026-09-29 17:44:16.14868+00
AY-01,2026-09-30 06:00:00+00,0.10589408,LANCAR,v202609291744,2026-09-29 17:44:16.14868+00
AY-02,2026-09-30 06:00:00+00,0.10313989,LANCAR,v202609291744,2026-09-29 17:44:16.14868+00
AY-03,2026-09-30 06:00:00+00,0.09789342,LANCAR,v202609291744,2026-09-29 17:44:16.14868+00
DR-01,2026-09-30 06:00:00+00,0.10531383,LANCAR,v202609291744,2026-09-29 17:44:16.14868+00
DR-02,2026-09-30 06:00:00+00,0.09972652,LANCAR,v202609291744,2026-09-29 17:44:16.14868+00
DR-03,2026-09-30 06:00:00+00,0.115336776,LANCAR,v202609291744,2026-09-29 17:44:16.14868+00
MR-01,2026-09-30 06:00:00+00,0.094079226,LANCAR,v202609291744,2026-09-29 17:44:16.14868+00
MR-02,2026-09-30 06:00:00+00,0.10313989,LANCAR,v202609291744,2026-09-29 17:44:16.14868+00
MR-03,2026-09-30 06:00:00+00,0.102897994,LANCAR,v202609291744,2026-09-29 17:44:16.14868+00
AY-01,2026-09-30 07:00:00+00,0.12281735,LANCAR,v202609291744,2026-09-29 17:44:16.14868+00
AY-02,2026-09-30 07:00:00+00,0.1213613,LANCAR,v202609291744,2026-09-29 17:44:16.14868+00
AY-03,2026-09-30 07:00:00+00,0.11537726,LANCAR,v202609291744,2026-09-29 17:44:16.14868+00
DR-01,2026-09-30 07:00:00+00,0.12283442,LANCAR,v202609291744,2026-09-29 17:44:16.14868+00
DR-02,2026-09-30 07:00:00+00,0.11845012,LANCAR,v202609291744,2026-09-29 17:44:16.14868+00
DR-03,2026-09-30 07:00:00+00,0.13219069,LANCAR,v202609291744,2026-09-29 17:44:16.14868+00
MR-01,2026-09-30 07:00:00+00,0.118090436,LANCAR,v202609291744,2026-09-29 17:44:16.14868+00
MR-02,2026-09-30 07:00:00+00,0.1213613,LANCAR,v202609291744,2026-09-29 17:44:16.14868+00
MR-03,2026-09-30 07:00:00+00,0.1211194,LANCAR,v202609291744,2026-09-29 17:44:16.14868+00
AY-01,2026-09-30 08:00:00+00,0.14556617,LANCAR,v202609291744,2026-09-29 17:44:16.14868+00
AY-02,2026-09-30 08:00:00+00,0.13930036,LANCAR,v202609291744,2026-09-29 17:44:16.14868+00
AY-03,2026-09-30 08:00:00+00,0.13373344,LANCAR,v202609291744,2026-09-29 17:44:16.14868+00
DR-01,2026-09-30 08:00:00+00,0.14071485,LANCAR,v202609291744,2026-09-29 17:44:16.14868+00
DR-02,2026-09-30 08:00:00+00,0.13618389,LANCAR,v202609291744,2026-09-29 17:44:16.14868+00
DR-03,2026-09-30 08:00:00+00,0.15098444,LANCAR,v202609291744,2026-09-29 17:44:16.14868+00
MR-01,2026-09-30 08:00:00+00,0.1372199,LANCAR,v202609291744,2026-09-29 17:44:16.14868+00
MR-02,2026-09-30 08:00:00+00,0.13930036,LANCAR,v202609291744,2026-09-29 17:44:16.14868+00
MR-03,2026-09-30 08:00:00+00,0.13916633,LANCAR,v202609291744,2026-09-29 17:44:16.14868+00
AY-01,2026-09-30 09:00:00+00,0.23522975,PADAT,v202609291744,2026-09-29 17:44:16.14868+00
AY-02,2026-09-30 09:00:00+00,0.22949558,PADAT,v202609291744,2026-09-29 17:44:16.14868+00
AY-03,2026-09-30 09:00:00+00,0.22267635,PADAT,v202609291744,2026-09-29 17:44:16.14868+00
DR-01,2026-09-30 09:00:00+00,0.22930376,PADAT,v202609291744,2026-09-29 17:44:16.14868+00
DR-02,2026-09-30 09:00:00+00,0.22699292,PADAT,v202609291744,2026-09-29 17:44:16.14868+00
DR-03,2026-09-30 09:00:00+00,0.23002338,PADAT,v202609291744,2026-09-29 17:44:16.14868+00
MR-01,2026-09-30 09:00:00+00,0.22741514,PADAT,v202609291744,2026-09-29 17:44:16.14868+00
MR-02,2026-09-30 09:00:00+00,0.22949558,PADAT,v202609291744,2026-09-29 17:44:16.14868+00
MR-03,2026-09-30 09:00:00+00,0.22902419,PADAT,v202609291744,2026-09-29 17:44:16.14868+00
AY-01,2026-09-30 10:00:00+00,0.599965,MACET,v202609291744,2026-09-29 17:44:16.14868+00
AY-02,2026-09-30 10:00:00+00,0.5942308,MACET,v202609291744,2026-09-29 17:44:16.14868+00
AY-03,2026-09-30 10:00:00+00,0.58492196,MACET,v202609291744,2026-09-29 17:44:16.14868+00
DR-01,2026-09-30 10:00:00+00,0.59461755,MACET,v202609291744,2026-09-29 17:44:16.14868+00
DR-02,2026-09-30 10:00:00+00,0.59084624,MACET,v202609291744,2026-09-29 17:44:16.14868+00
DR-03,2026-09-30 10:00:00+00,0.5978067,MACET,v202609291744,2026-09-29 17:44:16.14868+00
MR-01,2026-09-30 10:00:00+00,0.5910933,MACET,v202609291744,2026-09-29 17:44:16.14868+00
MR-02,2026-09-30 10:00:00+00,0.5942308,MACET,v202609291744,2026-09-29 17:44:16.14868+00
MR-03,2026-09-30 10:00:00+00,0.5943802,MACET,v202609291744,2026-09-29 17:44:16.14868+00
AY-01,2026-09-30 11:00:00+00,0.644202,MACET,v202609291744,2026-09-29 17:44:16.14868+00
AY-02,2026-09-30 11:00:00+00,0.6405413,MACET,v202609291744,2026-09-29 17:44:16.14868+00
AY-03,2026-09-30 11:00:00+00,0.62875307,MACET,v202609291744,2026-09-29 17:44:16.14868+00
DR-01,2026-09-30 11:00:00+00,0.6417737,MACET,v202609291744,2026-09-29 17:44:16.14868+00
DR-02,2026-09-30 11:00:00+00,0.63984257,MACET,v202609291744,2026-09-29 17:44:16.14868+00
DR-03,2026-09-30 11:00:00+00,0.6444692,MACET,v202609291744,2026-09-29 17:44:16.14868+00
MR-01,2026-09-30 11:00:00+00,0.6376331,MACET,v202609291744,2026-09-29 17:44:16.14868+00
MR-02,2026-09-30 11:00:00+00,0.6405413,MACET,v202609291744,2026-09-29 17:44:16.14868+00
MR-03,2026-09-30 11:00:00+00,0.64052486,MACET,v202609291744,2026-09-29 17:44:16.14868+00
AY-01,2026-09-30 12:00:00+00,0.4242652,PADAT,v202609291744,2026-09-29 17:44:16.14868+00
AY-02,2026-09-30 12:00:00+00,0.41877937,PADAT,v202609291744,2026-09-29 17:44:16.14868+00
AY-03,2026-09-30 12:00:00+00,0.4069911,PADAT,v202609291744,2026-09-29 17:44:16.14868+00
DR-01,2026-09-30 12:00:00+00,0.41871652,PADAT,v202609291744,2026-09-29 17:44:16.14868+00
DR-02,2026-09-30 12:00:00+00,0.4181508,PADAT,v202609291744,2026-09-29 17:44:16.14868+00
DR-03,2026-09-30 12:00:00+00,0.4249378,PADAT,v202609291744,2026-09-29 17:44:16.14868+00
MR-01,2026-09-30 12:00:00+00,0.41670057,PADAT,v202609291744,2026-09-29 17:44:16.14868+00
MR-02,2026-09-30 12:00:00+00,0.41877937,PADAT,v202609291744,2026-09-29 17:44:16.14868+00
MR-03,2026-09-30 12:00:00+00,0.41876292,PADAT,v202609291744,2026-09-29 17:44:16.14868+00
AY-01,2026-09-30 13:00:00+00,0.1618363,LANCAR,v202609291744,2026-09-29 17:44:16.14868+00
AY-02,2026-09-30 13:00:00+00,0.1574348,LANCAR,v202609291744,2026-09-29 17:44:16.14868+00
AY-03,2026-09-30 13:00:00+00,0.15456195,LANCAR,v202609291744,2026-09-29 17:44:16.14868+00
DR-01,2026-09-30 13:00:00+00,0.15737197,LANCAR,v202609291744,2026-09-29 17:44:16.14868+00
DR-02,2026-09-30 13:00:00+00,0.15605822,LANCAR,v202609291744,2026-09-29 17:44:16.14868+00
DR-03,2026-09-30 13:00:00+00,0.16097577,LANCAR,v202609291744,2026-09-29 17:44:16.14868+00
MR-01,2026-09-30 13:00:00+00,0.15558106,LANCAR,v202609291744,2026-09-29 17:44:16.14868+00
MR-02,2026-09-30 13:00:00+00,0.1574348,LANCAR,v202609291744,2026-09-29 17:44:16.14868+00
MR-03,2026-09-30 13:00:00+00,0.15735821,LANCAR,v202609291744,2026-09-29 17:44:16.14868+00
AY-01,2026-09-30 14:00:00+00,0.09799683,LANCAR,v202609291744,2026-09-29 17:44:16.14868+00
AY-02,2026-09-30 14:00:00+00,0.0932602,LANCAR,v202609291744,2026-09-29 17:44:16.14868+00
AY-03,2026-09-30 14:00:00+00,0.09015438,LANCAR,v202609291744,2026-09-29 17:44:16.14868+00
DR-01,2026-09-30 14:00:00+00,0.09349706,LANCAR,v202609291744,2026-09-29 17:44:16.14868+00
DR-02,2026-09-30 14:00:00+00,0.09199888,LANCAR,v202609291744,2026-09-29 17:44:16.14868+00
DR-03,2026-09-30 14:00:00+00,0.09905572,LANCAR,v202609291744,2026-09-29 17:44:16.14868+00
MR-01,2026-09-30 14:00:00+00,0.09210563,LANCAR,v202609291744,2026-09-29 17:44:16.14868+00
MR-02,2026-09-30 14:00:00+00,0.0932602,LANCAR,v202609291744,2026-09-29 17:44:16.14868+00
MR-03,2026-09-30 14:00:00+00,0.09315466,LANCAR,v202609291744,2026-09-29 17:44:16.14868+00
AY-01,2026-09-30 15:00:00+00,0.108715914,LANCAR,v202609291744,2026-09-29 17:44:16.14868+00
AY-02,2026-09-30 15:00:00+00,0.10421281,LANCAR,v202609291744,2026-09-29 17:44:16.14868+00
AY-03,2026-09-30 15:00:00+00,0.10035237,LANCAR,v202609291744,2026-09-29 17:44:16.14868+00
DR-01,2026-09-30 15:00:00+00,0.10429794,LANCAR,v202609291744,2026-09-29 17:44:16.14868+00
DR-02,2026-09-30 15:00:00+00,0.10218522,LANCAR,v202609291744,2026-09-29 17:44:16.14868+00
DR-03,2026-09-30 15:00:00+00,0.11013622,LANCAR,v202609291744,2026-09-29 17:44:16.14868+00
MR-01,2026-09-30 15:00:00+00,0.102503024,LANCAR,v202609291744,2026-09-29 17:44:16.14868+00
MR-02,2026-09-30 15:00:00+00,0.10421281,LANCAR,v202609291744,2026-09-29 17:44:16.14868+00
MR-03,2026-09-30 15:00:00+00,0.10407516,LANCAR,v202609291744,2026-09-29 17:44:16.14868+00
AY-01,2026-09-30 16:00:00+00,0.10084095,LANCAR,v202609291744,2026-09-29 17:44:16.14868+00
AY-02,2026-09-30 16:00:00+00,0.09907281,LANCAR,v202609291744,2026-09-29 17:44:16.14868+00
AY-03,2026-09-30 16:00:00+00,0.09713414,LANCAR,v202609291744,2026-09-29 17:44:16.14868+00
DR-01,2026-09-30 16:00:00+00,0.099107616,LANCAR,v202609291744,2026-09-29 17:44:16.14868+00
DR-02,2026-09-30 16:00:00+00,0.09907281,LANCAR,v202609291744,2026-09-29 17:44:16.14868+00
DR-03,2026-09-30 16:00:00+00,0.0991938,LANCAR,v202609291744,2026-09-29 17:44:16.14868+00
MR-01,2026-09-30 16:00:00+00,0.09907346,LANCAR,v202609291744,2026-09-29 17:44:16.14868+00
MR-02,2026-09-30 16:00:00+00,0.09907281,LANCAR,v202609291744,2026-09-29 17:44:16.14868+00
MR-03,2026-09-30 16:00:00+00,0.098703034,LANCAR,v202609291744,2026-09-29 17:44:16.14868+00
AY-01,2026-09-30 17:00:00+00,0.38848075,PADAT,v202609291744,2026-09-29 17:44:16.14868+00
AY-02,2026-09-30 17:00:00+00,0.38793838,PADAT,v202609291744,2026-09-29 17:44:16.14868+00
AY-03,2026-09-30 17:00:00+00,0.38565964,PADAT,v202609291744,2026-09-29 17:44:16.14868+00
DR-01,2026-09-30 17:00:00+00,0.38898212,PADAT,v202609291744,2026-09-29 17:44:16.14868+00
DR-02,2026-09-30 17:00:00+00,0.38793838,PADAT,v202609291744,2026-09-29 17:44:16.14868+00
DR-03,2026-09-30 17:00:00+00,0.38906533,PADAT,v202609291744,2026-09-29 17:44:16.14868+00
MR-01,2026-09-30 17:00:00+00,0.38793838,PADAT,v202609291744,2026-09-29 17:44:16.14868+00
MR-02,2026-09-30 17:00:00+00,0.38793838,PADAT,v202609291744,2026-09-29 17:44:16.14868+00
MR-03,2026-09-30 17:00:00+00,0.38756862,PADAT,v202609291744,2026-09-29 17:44:16.14868+00
AY-01,2026-09-30 18:00:00+00,0.18112642,LANCAR,v202609301741,2026-09-30 17:41:11.107218+00
AY-02,2026-09-30 18:00:00+00,0.18285862,LANCAR,v202609301741,2026-09-30 17:41:11.107218+00
AY-03,2026-09-30 18:00:00+00,0.18112642,LANCAR,v202609301741,2026-09-30 17:41:11.107218+00
DR-01,2026-09-30 18:00:00+00,0.18112642,LANCAR,v202609301741,2026-09-30 17:41:11.107218+00
DR-02,2026-09-30 18:00:00+00,0.18112642,LANCAR,v202609301741,2026-09-30 17:41:11.107218+00
DR-03,2026-09-30 18:00:00+00,0.18112642,LANCAR,v202609301741,2026-09-30 17:41:11.107218+00
MR-01,2026-09-30 18:00:00+00,0.18112642,LANCAR,v202609301741,2026-09-30 17:41:11.107218+00
MR-02,2026-09-30 18:00:00+00,0.18112642,LANCAR,v202609301741,2026-09-30 17:41:11.107218+00
MR-03,2026-09-30 18:00:00+00,0.18112642,LANCAR,v202609301741,2026-09-30 17:41:11.107218+00
AY-01,2026-09-30 19:00:00+00,0.09371555,LANCAR,v202609301741,2026-09-30 17:41:11.107218+00
AY-02,2026-09-30 19:00:00+00,0.09544774,LANCAR,v202609301741,2026-09-30 17:41:11.107218+00
AY-03,2026-09-30 19:00:00+00,0.09371555,LANCAR,v202609301741,2026-09-30 17:41:11.107218+00
DR-01,2026-09-30 19:00:00+00,0.09371555,LANCAR,v202609301741,2026-09-30 17:41:11.107218+00
DR-02,2026-09-30 19:00:00+00,0.09371555,LANCAR,v202609301741,2026-09-30 17:41:11.107218+00
DR-03,2026-09-30 19:00:00+00,0.09371555,LANCAR,v202609301741,2026-09-30 17:41:11.107218+00
MR-01,2026-09-30 19:00:00+00,0.09371555,LANCAR,v202609301741,2026-09-30 17:41:11.107218+00
MR-02,2026-09-30 19:00:00+00,0.09371555,LANCAR,v202609301741,2026-09-30 17:41:11.107218+00
MR-03,2026-09-30 19:00:00+00,0.09371555,LANCAR,v202609301741,2026-09-30 17:41:11.107218+00
AY-01,2026-09-30 20:00:00+00,0.09833862,LANCAR,v202609301741,2026-09-30 17:41:11.107218+00
AY-02,2026-09-30 20:00:00+00,0.10007081,LANCAR,v202609301741,2026-09-30 17:41:11.107218+00
AY-03,2026-09-30 20:00:00+00,0.09833862,LANCAR,v202609301741,2026-09-30 17:41:11.107218+00
DR-01,2026-09-30 20:00:00+00,0.09833862,LANCAR,v202609301741,2026-09-30 17:41:11.107218+00
DR-02,2026-09-30 20:00:00+00,0.09833862,LANCAR,v202609301741,2026-09-30 17:41:11.107218+00
DR-03,2026-09-30 20:00:00+00,0.09833862,LANCAR,v202609301741,2026-09-30 17:41:11.107218+00
MR-01,2026-09-30 20:00:00+00,0.09833862,LANCAR,v202609301741,2026-09-30 17:41:11.107218+00
MR-02,2026-09-30 20:00:00+00,0.09833862,LANCAR,v202609301741,2026-09-30 17:41:11.107218+00
MR-03,2026-09-30 20:00:00+00,0.09833862,LANCAR,v202609301741,2026-09-30 17:41:11.107218+00
AY-01,2026-09-30 21:00:00+00,0.14641634,LANCAR,v202609301741,2026-09-30 17:41:11.107218+00
AY-02,2026-09-30 21:00:00+00,0.14814852,LANCAR,v202609301741,2026-09-30 17:41:11.107218+00
AY-03,2026-09-30 21:00:00+00,0.14641634,LANCAR,v202609301741,2026-09-30 17:41:11.107218+00
DR-01,2026-09-30 21:00:00+00,0.14641634,LANCAR,v202609301741,2026-09-30 17:41:11.107218+00
DR-02,2026-09-30 21:00:00+00,0.14641634,LANCAR,v202609301741,2026-09-30 17:41:11.107218+00
DR-03,2026-09-30 21:00:00+00,0.14641634,LANCAR,v202609301741,2026-09-30 17:41:11.107218+00
MR-01,2026-09-30 21:00:00+00,0.14641634,LANCAR,v202609301741,2026-09-30 17:41:11.107218+00
MR-02,2026-09-30 21:00:00+00,0.14641634,LANCAR,v202609301741,2026-09-30 17:41:11.107218+00
MR-03,2026-09-30 21:00:00+00,0.14641634,LANCAR,v202609301741,2026-09-30 17:41:11.107218+00
AY-01,2026-09-30 22:00:00+00,0.14641634,LANCAR,v202609301741,2026-09-30 17:41:11.107218+00
AY-02,2026-09-30 22:00:00+00,0.14814852,LANCAR,v202609301741,2026-09-30 17:41:11.107218+00
AY-03,2026-09-30 22:00:00+00,0.14641634,LANCAR,v202609301741,2026-09-30 17:41:11.107218+00
DR-01,2026-09-30 22:00:00+00,0.14641634,LANCAR,v202609301741,2026-09-30 17:41:11.107218+00
DR-02,2026-09-30 22:00:00+00,0.14641634,LANCAR,v202609301741,2026-09-30 17:41:11.107218+00
DR-03,2026-09-30 22:00:00+00,0.14641634,LANCAR,v202609301741,2026-09-30 17:41:11.107218+00
MR-01,2026-09-30 22:00:00+00,0.14641634,LANCAR,v202609301741,2026-09-30 17:41:11.107218+00
MR-02,2026-09-30 22:00:00+00,0.14641634,LANCAR,v202609301741,2026-09-30 17:41:11.107218+00
MR-03,2026-09-30 22:00:00+00,0.14641634,LANCAR,v202609301741,2026-09-30 17:41:11.107218+00
AY-01,2026-09-30 23:00:00+00,0.41744134,PADAT,v202609301741,2026-09-30 17:41:11.107218+00
AY-02,2026-09-30 23:00:00+00,0.41797885,PADAT,v202609301741,2026-09-30 17:41:11.107218+00
AY-03,2026-09-30 23:00:00+00,0.41744134,PADAT,v202609301741,2026-09-30 17:41:11.107218+00
DR-01,2026-09-30 23:00:00+00,0.41744134,PADAT,v202609301741,2026-09-30 17:41:11.107218+00
DR-02,2026-09-30 23:00:00+00,0.41744134,PADAT,v202609301741,2026-09-30 17:41:11.107218+00
DR-03,2026-09-30 23:00:00+00,0.41744134,PADAT,v202609301741,2026-09-30 17:41:11.107218+00
MR-01,2026-09-30 23:00:00+00,0.41744134,PADAT,v202609301741,2026-09-30 17:41:11.107218+00
MR-02,2026-09-30 23:00:00+00,0.41744134,PADAT,v202609301741,2026-09-30 17:41:11.107218+00
MR-03,2026-09-30 23:00:00+00,0.41744134,PADAT,v202609301741,2026-09-30 17:41:11.107218+00
AY-01,2026-10-01 00:00:00+00,0.52625036,MACET,v202609301741,2026-09-30 17:41:11.107218+00
AY-02,2026-10-01 00:00:00+00,0.5294493,MACET,v202609301741,2026-09-30 17:41:11.107218+00
AY-03,2026-10-01 00:00:00+00,0.5248164,MACET,v202609301741,2026-09-30 17:41:11.107218+00
DR-01,2026-10-01 00:00:00+00,0.5275324,MACET,v202609301741,2026-09-30 17:41:11.107218+00
DR-02,2026-10-01 00:00:00+00,0.52591306,MACET,v202609301741,2026-09-30 17:41:11.107218+00
DR-03,2026-10-01 00:00:00+00,0.5257936,MACET,v202609301741,2026-09-30 17:41:11.107218+00
MR-01,2026-10-01 00:00:00+00,0.5273659,MACET,v202609301741,2026-09-30 17:41:11.107218+00
MR-02,2026-10-01 00:00:00+00,0.52734154,MACET,v202609301741,2026-09-30 17:41:11.107218+00
MR-03,2026-10-01 00:00:00+00,0.52471215,MACET,v202609301741,2026-09-30 17:41:11.107218+00
AY-01,2026-10-01 01:00:00+00,0.4090278,PADAT,v202609301741,2026-09-30 17:41:11.107218+00
AY-02,2026-10-01 01:00:00+00,0.41221502,PADAT,v202609301741,2026-09-30 17:41:11.107218+00
AY-03,2026-10-01 01:00:00+00,0.40941533,PADAT,v202609301741,2026-09-30 17:41:11.107218+00
DR-01,2026-10-01 01:00:00+00,0.40992942,PADAT,v202609301741,2026-09-30 17:41:11.107218+00
DR-02,2026-10-01 01:00:00+00,0.40929705,PADAT,v202609301741,2026-09-30 17:41:11.107218+00
DR-03,2026-10-01 01:00:00+00,0.4084579,PADAT,v202609301741,2026-09-30 17:41:11.107218+00
MR-01,2026-10-01 01:00:00+00,0.41040716,PADAT,v202609301741,2026-09-30 17:41:11.107218+00
MR-02,2026-10-01 01:00:00+00,0.41008756,PADAT,v202609301741,2026-09-30 17:41:11.107218+00
MR-03,2026-10-01 01:00:00+00,0.4067865,PADAT,v202609301741,2026-09-30 17:41:11.107218+00
AY-01,2026-10-01 02:00:00+00,0.16061491,LANCAR,v202609301741,2026-09-30 17:41:11.107218+00
AY-02,2026-10-01 02:00:00+00,0.16143867,LANCAR,v202609301741,2026-09-30 17:41:11.107218+00
AY-03,2026-10-01 02:00:00+00,0.15986931,LANCAR,v202609301741,2026-09-30 17:41:11.107218+00
DR-01,2026-10-01 02:00:00+00,0.15998733,LANCAR,v202609301741,2026-09-30 17:41:11.107218+00
DR-02,2026-10-01 02:00:00+00,0.15940866,LANCAR,v202609301741,2026-09-30 17:41:11.107218+00
DR-03,2026-10-01 02:00:00+00,0.15997018,LANCAR,v202609301741,2026-09-30 17:41:11.107218+00
MR-01,2026-10-01 02:00:00+00,0.16056912,LANCAR,v202609301741,2026-09-30 17:41:11.107218+00
MR-02,2026-10-01 02:00:00+00,0.16007037,LANCAR,v202609301741,2026-09-30 17:41:11.107218+00
MR-03,2026-10-01 02:00:00+00,0.15707523,LANCAR,v202609301741,2026-09-30 17:41:11.107218+00
AY-01,2026-10-01 03:00:00+00,0.1033793,LANCAR,v202609301741,2026-09-30 17:41:11.107218+00
AY-02,2026-10-01 03:00:00+00,0.10458417,LANCAR,v202609301741,2026-09-30 17:41:11.107218+00
AY-03,2026-10-01 03:00:00+00,0.10392004,LANCAR,v202609301741,2026-09-30 17:41:11.107218+00
DR-01,2026-10-01 03:00:00+00,0.10250787,LANCAR,v202609301741,2026-09-30 17:41:11.107218+00
DR-02,2026-10-01 03:00:00+00,0.10251292,LANCAR,v202609301741,2026-09-30 17:41:11.107218+00
DR-03,2026-10-01 03:00:00+00,0.104748204,LANCAR,v202609301741,2026-09-30 17:41:11.107218+00
MR-01,2026-10-01 03:00:00+00,0.1024267,LANCAR,v202609301741,2026-09-30 17:41:11.107218+00
MR-02,2026-10-01 03:00:00+00,0.10248586,LANCAR,v202609301741,2026-09-30 17:41:11.107218+00
MR-03,2026-10-01 03:00:00+00,0.10020696,LANCAR,v202609301741,2026-09-30 17:41:11.107218+00
AY-01,2026-10-01 04:00:00+00,0.09880196,LANCAR,v202609301741,2026-09-30 17:41:11.107218+00
AY-02,2026-10-01 04:00:00+00,0.10000683,LANCAR,v202609301741,2026-09-30 17:41:11.107218+00
AY-03,2026-10-01 04:00:00+00,0.09979566,LANCAR,v202609301741,2026-09-30 17:41:11.107218+00
DR-01,2026-10-01 04:00:00+00,0.09793052,LANCAR,v202609301741,2026-09-30 17:41:11.107218+00
DR-02,2026-10-01 04:00:00+00,0.09793558,LANCAR,v202609301741,2026-09-30 17:41:11.107218+00
DR-03,2026-10-01 04:00:00+00,0.10072572,LANCAR,v202609301741,2026-09-30 17:41:11.107218+00
MR-01,2026-10-01 04:00:00+00,0.097849354,LANCAR,v202609301741,2026-09-30 17:41:11.107218+00
MR-02,2026-10-01 04:00:00+00,0.09790851,LANCAR,v202609301741,2026-09-30 17:41:11.107218+00
MR-03,2026-10-01 04:00:00+00,0.09574495,LANCAR,v202609301741,2026-09-30 17:41:11.107218+00
AY-01,2026-10-01 05:00:00+00,0.095375165,LANCAR,v202609301741,2026-09-30 17:41:11.107218+00
AY-02,2026-10-01 05:00:00+00,0.09631273,LANCAR,v202609301741,2026-09-30 17:41:11.107218+00
AY-03,2026-10-01 05:00:00+00,0.09614195,LANCAR,v202609301741,2026-09-30 17:41:11.107218+00
DR-01,2026-10-01 05:00:00+00,0.09451172,LANCAR,v202609301741,2026-09-30 17:41:11.107218+00
DR-02,2026-10-01 05:00:00+00,0.09427995,LANCAR,v202609301741,2026-09-30 17:41:11.107218+00
DR-03,2026-10-01 05:00:00+00,0.0970027,LANCAR,v202609301741,2026-09-30 17:41:11.107218+00
MR-01,2026-10-01 05:00:00+00,0.09399014,LANCAR,v202609301741,2026-09-30 17:41:11.107218+00
MR-02,2026-10-01 05:00:00+00,0.094252884,LANCAR,v202609301741,2026-09-30 17:41:11.107218+00
MR-03,2026-10-01 05:00:00+00,0.09202981,LANCAR,v202609301741,2026-09-30 17:41:11.107218+00
AY-01,2026-10-01 06:00:00+00,0.09571222,LANCAR,v202609301741,2026-09-30 17:41:11.107218+00
AY-02,2026-10-01 06:00:00+00,0.09669328,LANCAR,v202609301741,2026-09-30 17:41:11.107218+00
AY-03,2026-10-01 06:00:00+00,0.096479006,LANCAR,v202609301741,2026-09-30 17:41:11.107218+00
DR-01,2026-10-01 06:00:00+00,0.094848774,LANCAR,v202609301741,2026-09-30 17:41:11.107218+00
DR-02,2026-10-01 06:00:00+00,0.09461701,LANCAR,v202609301741,2026-09-30 17:41:11.107218+00
DR-03,2026-10-01 06:00:00+00,0.09733976,LANCAR,v202609301741,2026-09-30 17:41:11.107218+00
MR-01,2026-10-01 06:00:00+00,0.0943272,LANCAR,v202609301741,2026-09-30 17:41:11.107218+00
MR-02,2026-10-01 06:00:00+00,0.09458994,LANCAR,v202609301741,2026-09-30 17:41:11.107218+00
MR-03,2026-10-01 06:00:00+00,0.09241035,LANCAR,v202609301741,2026-09-30 17:41:11.107218+00
AY-01,2026-10-01 07:00:00+00,0.10822616,LANCAR,v202609301741,2026-09-30 17:41:11.107218+00
AY-02,2026-10-01 07:00:00+00,0.10855321,LANCAR,v202609301741,2026-09-30 17:41:11.107218+00
AY-03,2026-10-01 07:00:00+00,0.10739266,LANCAR,v202609301741,2026-09-30 17:41:11.107218+00
DR-01,2026-10-01 07:00:00+00,0.10703337,LANCAR,v202609301741,2026-09-30 17:41:11.107218+00
DR-02,2026-10-01 07:00:00+00,0.10706151,LANCAR,v202609301741,2026-09-30 17:41:11.107218+00
DR-03,2026-10-01 07:00:00+00,0.10968368,LANCAR,v202609301741,2026-09-30 17:41:11.107218+00
MR-01,2026-10-01 07:00:00+00,0.106312625,LANCAR,v202609301741,2026-09-30 17:41:11.107218+00
MR-02,2026-10-01 07:00:00+00,0.106469974,LANCAR,v202609301741,2026-09-30 17:41:11.107218+00
MR-03,2026-10-01 07:00:00+00,0.105575174,LANCAR,v202609301741,2026-09-30 17:41:11.107218+00
AY-01,2026-10-01 08:00:00+00,0.21775463,PADAT,v202609301741,2026-09-30 17:41:11.107218+00
AY-02,2026-10-01 08:00:00+00,0.21243608,PADAT,v202609301741,2026-09-30 17:41:11.107218+00
AY-03,2026-10-01 08:00:00+00,0.2103065,PADAT,v202609301741,2026-09-30 17:41:11.107218+00
DR-01,2026-10-01 08:00:00+00,0.2127972,PADAT,v202609301741,2026-09-30 17:41:11.107218+00
DR-02,2026-10-01 08:00:00+00,0.2050776,PADAT,v202609301741,2026-09-30 17:41:11.107218+00
DR-03,2026-10-01 08:00:00+00,0.21927525,PADAT,v202609301741,2026-09-30 17:41:11.107218+00
MR-01,2026-10-01 08:00:00+00,0.20233211,PADAT,v202609301741,2026-09-30 17:41:11.107218+00
MR-02,2026-10-01 08:00:00+00,0.21039641,PADAT,v202609301741,2026-09-30 17:41:11.107218+00
MR-03,2026-10-01 08:00:00+00,0.20922033,PADAT,v202609301741,2026-09-30 17:41:11.107218+00
AY-01,2026-10-01 09:00:00+00,0.31491232,PADAT,v202609301741,2026-09-30 17:41:11.107218+00
AY-02,2026-10-01 09:00:00+00,0.30778632,PADAT,v202609301741,2026-09-30 17:41:11.107218+00
AY-03,2026-10-01 09:00:00+00,0.3058214,PADAT,v202609301741,2026-09-30 17:41:11.107218+00
DR-01,2026-10-01 09:00:00+00,0.30898783,PADAT,v202609301741,2026-09-30 17:41:11.107218+00
DR-02,2026-10-01 09:00:00+00,0.3009672,PADAT,v202609301741,2026-09-30 17:41:11.107218+00
DR-03,2026-10-01 09:00:00+00,0.31375343,PADAT,v202609301741,2026-09-30 17:41:11.107218+00
MR-01,2026-10-01 09:00:00+00,0.299849,PADAT,v202609301741,2026-09-30 17:41:11.107218+00
MR-02,2026-10-01 09:00:00+00,0.30694246,PADAT,v202609301741,2026-09-30 17:41:11.107218+00
MR-03,2026-10-01 09:00:00+00,0.30567804,PADAT,v202609301741,2026-09-30 17:41:11.107218+00
AY-01,2026-10-01 10:00:00+00,0.4242533,PADAT,v202609301741,2026-09-30 17:41:11.107218+00
AY-02,2026-10-01 10:00:00+00,0.42062035,PADAT,v202609301741,2026-09-30 17:41:11.107218+00
AY-03,2026-10-01 10:00:00+00,0.4184275,PADAT,v202609301741,2026-09-30 17:41:11.107218+00
DR-01,2026-10-01 10:00:00+00,0.4203552,PADAT,v202609301741,2026-09-30 17:41:11.107218+00
DR-02,2026-10-01 10:00:00+00,0.4190312,PADAT,v202609301741,2026-09-30 17:41:11.107218+00
DR-03,2026-10-01 10:00:00+00,0.4207272,PADAT,v202609301741,2026-09-30 17:41:11.107218+00
MR-01,2026-10-01 10:00:00+00,0.4203336,PADAT,v202609301741,2026-09-30 17:41:11.107218+00
MR-02,2026-10-01 10:00:00+00,0.41901565,PADAT,v202609301741,2026-09-30 17:41:11.107218+00
MR-03,2026-10-01 10:00:00+00,0.41772994,PADAT,v202609301741,2026-09-30 17:41:11.107218+00
AY-01,2026-10-01 11:00:00+00,0.47739998,PADAT,v202609301741,2026-09-30 17:41:11.107218+00
AY-02,2026-10-01 11:00:00+00,0.4786878,PADAT,v202609301741,2026-09-30 17:41:11.107218+00
AY-03,2026-10-01 11:00:00+00,0.47983062,PADAT,v202609301741,2026-09-30 17:41:11.107218+00
DR-01,2026-10-01 11:00:00+00,0.47908795,PADAT,v202609301741,2026-09-30 17:41:11.107218+00
DR-02,2026-10-01 11:00:00+00,0.47892013,PADAT,v202609301741,2026-09-30 17:41:11.107218+00
DR-03,2026-10-01 11:00:00+00,0.47780704,PADAT,v202609301741,2026-09-30 17:41:11.107218+00
MR-01,2026-10-01 11:00:00+00,0.4783928,PADAT,v202609301741,2026-09-30 17:41:11.107218+00
MR-02,2026-10-01 11:00:00+00,0.47815213,PADAT,v202609301741,2026-09-30 17:41:11.107218+00
MR-03,2026-10-01 11:00:00+00,0.4761316,PADAT,v202609301741,2026-09-30 17:41:11.107218+00
AY-01,2026-10-01 12:00:00+00,0.30261132,PADAT,v202609301741,2026-09-30 17:41:11.107218+00
AY-02,2026-10-01 12:00:00+00,0.30435127,PADAT,v202609301741,2026-09-30 17:41:11.107218+00
AY-03,2026-10-01 12:00:00+00,0.30063632,PADAT,v202609301741,2026-09-30 17:41:11.107218+00
DR-01,2026-10-01 12:00:00+00,0.30386576,PADAT,v202609301741,2026-09-30 17:41:11.107218+00
DR-02,2026-10-01 12:00:00+00,0.3028831,PADAT,v202609301741,2026-09-30 17:41:11.107218+00
DR-03,2026-10-01 12:00:00+00,0.30501002,PADAT,v202609301741,2026-09-30 17:41:11.107218+00
MR-01,2026-10-01 12:00:00+00,0.3028667,PADAT,v202609301741,2026-09-30 17:41:11.107218+00
MR-02,2026-10-01 12:00:00+00,0.3031663,PADAT,v202609301741,2026-09-30 17:41:11.107218+00
MR-03,2026-10-01 12:00:00+00,0.30308595,PADAT,v202609301741,2026-09-30 17:41:11.107218+00
AY-01,2026-10-01 13:00:00+00,0.23906016,PADAT,v202609301741,2026-09-30 17:41:11.107218+00
AY-02,2026-10-01 13:00:00+00,0.24070844,PADAT,v202609301741,2026-09-30 17:41:11.107218+00
AY-03,2026-10-01 13:00:00+00,0.23789605,PADAT,v202609301741,2026-09-30 17:41:11.107218+00
DR-01,2026-10-01 13:00:00+00,0.24077627,PADAT,v202609301741,2026-09-30 17:41:11.107218+00
DR-02,2026-10-01 13:00:00+00,0.23939559,PADAT,v202609301741,2026-09-30 17:41:11.107218+00
DR-03,2026-10-01 13:00:00+00,0.24121423,PADAT,v202609301741,2026-09-30 17:41:11.107218+00
MR-01,2026-10-01 13:00:00+00,0.2391756,PADAT,v202609301741,2026-09-30 17:41:11.107218+00
MR-02,2026-10-01 13:00:00+00,0.23967879,PADAT,v202609301741,2026-09-30 17:41:11.107218+00
MR-03,2026-10-01 13:00:00+00,0.23972566,PADAT,v202609301741,2026-09-30 17:41:11.107218+00
AY-01,2026-10-01 14:00:00+00,0.2269225,PADAT,v202609301741,2026-09-30 17:41:11.107218+00
AY-02,2026-10-01 14:00:00+00,0.22794169,PADAT,v202609301741,2026-09-30 17:41:11.107218+00
AY-03,2026-10-01 14:00:00+00,0.22599378,PADAT,v202609301741,2026-09-30 17:41:11.107218+00
DR-01,2026-10-01 14:00:00+00,0.22832331,PADAT,v202609301741,2026-09-30 17:41:11.107218+00
DR-02,2026-10-01 14:00:00+00,0.22645837,PADAT,v202609301741,2026-09-30 17:41:11.107218+00
DR-03,2026-10-01 14:00:00+00,0.22658694,PADAT,v202609301741,2026-09-30 17:41:11.107218+00
MR-01,2026-10-01 14:00:00+00,0.22717246,PADAT,v202609301741,2026-09-30 17:41:11.107218+00
MR-02,2026-10-01 14:00:00+00,0.2272076,PADAT,v202609301741,2026-09-30 17:41:11.107218+00
MR-03,2026-10-01 14:00:00+00,0.22499652,PADAT,v202609301741,2026-09-30 17:41:11.107218+00
AY-01,2026-10-01 15:00:00+00,0.09738399,LANCAR,v202609301741,2026-09-30 17:41:11.107218+00
AY-02,2026-10-01 15:00:00+00,0.09838821,LANCAR,v202609301741,2026-09-30 17:41:11.107218+00
AY-03,2026-10-01 15:00:00+00,0.09645725,LANCAR,v202609301741,2026-09-30 17:41:11.107218+00
DR-01,2026-10-01 15:00:00+00,0.09878481,LANCAR,v202609301741,2026-09-30 17:41:11.107218+00
DR-02,2026-10-01 15:00:00+00,0.09792639,LANCAR,v202609301741,2026-09-30 17:41:11.107218+00
DR-03,2026-10-01 15:00:00+00,0.09754961,LANCAR,v202609301741,2026-09-30 17:41:11.107218+00
MR-01,2026-10-01 15:00:00+00,0.09746491,LANCAR,v202609301741,2026-09-30 17:41:11.107218+00
MR-02,2026-10-01 15:00:00+00,0.0978526,LANCAR,v202609301741,2026-09-30 17:41:11.107218+00
MR-03,2026-10-01 15:00:00+00,0.0957201,LANCAR,v202609301741,2026-09-30 17:41:11.107218+00
AY-01,2026-10-01 16:00:00+00,0.08612956,LANCAR,v202609301741,2026-09-30 17:41:11.107218+00
AY-02,2026-10-01 16:00:00+00,0.085916996,LANCAR,v202609301741,2026-09-30 17:41:11.107218+00
AY-03,2026-10-01 16:00:00+00,0.08612956,LANCAR,v202609301741,2026-09-30 17:41:11.107218+00
DR-01,2026-10-01 16:00:00+00,0.08612956,LANCAR,v202609301741,2026-09-30 17:41:11.107218+00
DR-02,2026-10-01 16:00:00+00,0.08612956,LANCAR,v202609301741,2026-09-30 17:41:11.107218+00
DR-03,2026-10-01 16:00:00+00,0.08609556,LANCAR,v202609301741,2026-09-30 17:41:11.107218+00
MR-01,2026-10-01 16:00:00+00,0.08594979,LANCAR,v202609301741,2026-09-30 17:41:11.107218+00
MR-02,2026-10-01 16:00:00+00,0.08612956,LANCAR,v202609301741,2026-09-30 17:41:11.107218+00
MR-03,2026-10-01 16:00:00+00,0.08612956,LANCAR,v202609301741,2026-09-30 17:41:11.107218+00
AY-01,2026-10-01 17:00:00+00,0.18112642,LANCAR,v202609301741,2026-09-30 17:41:11.107218+00
AY-02,2026-10-01 17:00:00+00,0.18285862,LANCAR,v202609301741,2026-09-30 17:41:11.107218+00
AY-03,2026-10-01 17:00:00+00,0.18112642,LANCAR,v202609301741,2026-09-30 17:41:11.107218+00
DR-01,2026-10-01 17:00:00+00,0.18112642,LANCAR,v202609301741,2026-09-30 17:41:11.107218+00
DR-02,2026-10-01 17:00:00+00,0.18112642,LANCAR,v202609301741,2026-09-30 17:41:11.107218+00
DR-03,2026-10-01 17:00:00+00,0.18112642,LANCAR,v202609301741,2026-09-30 17:41:11.107218+00
MR-01,2026-10-01 17:00:00+00,0.18112642,LANCAR,v202609301741,2026-09-30 17:41:11.107218+00
MR-02,2026-10-01 17:00:00+00,0.18112642,LANCAR,v202609301741,2026-09-30 17:41:11.107218+00
MR-03,2026-10-01 17:00:00+00,0.18112642,LANCAR,v202609301741,2026-09-30 17:41:11.107218+00
