hour_utc,point_id,corridor,avg_speed,avg_free_flow,avg_congestion,max_congestion,avg_delay_seconds,macet_samples,samples
2026-09-28 06:00:00+00,AY-01,Koridor A. Yani,39.333332,45,0.1259,0.1333,6.6666665,0,3
2026-09-28 06:00:00+00,AY-02,Koridor A. Yani,49.333332,54,0.086433336,0.1296,3.6666667,0,3
2026-09-28 06:00:00+00,AY-03,Koridor A. Yani,42.666668,48,0.11113334,0.1875,5.6666665,0,3
2026-09-28 06:00:00+00,DR-01,Koridor Darmo - Tunjungan,52,60,0.1333,0.1833,5.6666665,0,3
2026-09-28 06:00:00+00,DR-02,Koridor Darmo - Tunjungan,45.666668,51,0.10456667,0.1569,5.3333335,0,3
2026-09-28 06:00:00+00,DR-03,Koridor Darmo - Tunjungan,40.333332,47,0.14183334,0.1702,7.3333335,0,3
2026-09-28 06:00:00+00,MR-01,Koridor MERR,47.666668,51,0.06536667,0.1373,3.3333333,0,3
2026-09-28 06:00:00+00,MR-02,Koridor MERR,38.333332,42,0.08726667,0.0952,5.3333335,0,3
2026-09-28 06:00:00+00,MR-03,Koridor MERR,39.666668,44,0.0985,0.1591,5.3333335,0,3
2026-09-28 07:00:00+00,AY-01,Koridor A. Yani,39.76271,45,0.116388135,0.1778,6.2881355,0,59
2026-09-28 07:00:00+00,AY-02,Koridor A. Yani,48.084747,54,0.10954407,0.2037,5.016949,0,59
2026-09-28 07:00:00+00,AY-03,Koridor A. Yani,42.57627,48,0.11299831,0.1875,5.8135595,0,59
2026-09-28 07:00:00+00,DR-01,Koridor Darmo - Tunjungan,53.20339,60,0.11327458,0.1833,4.745763,0,59
2026-09-28 07:00:00+00,DR-02,Koridor Darmo - Tunjungan,44.949154,51,0.118640676,0.1961,6.0677967,0,59
2026-09-28 07:00:00+00,DR-03,Koridor Darmo - Tunjungan,41.881355,47,0.10891017,0.1915,5.7118645,0,59
2026-09-28 07:00:00+00,MR-01,Koridor MERR,45.525425,51,0.10733559,0.1961,5.4915257,0,59
2026-09-28 07:00:00+00,MR-02,Koridor MERR,37.050846,42,0.117832206,0.1905,7.4745765,0,59
2026-09-28 07:00:00+00,MR-03,Koridor MERR,39.135593,44,0.11056101,0.2045,6.3050847,0,59
2026-09-28 08:00:00+00,AY-01,Koridor A. Yani,34.18182,45,0.2404,0.3778,16.09091,0,11
2026-09-28 08:00:00+00,AY-02,Koridor A. Yani,40.909092,54,0.24242727,0.3519,13.090909,0,11
2026-09-28 08:00:00+00,AY-03,Koridor A. Yani,37.909092,48,0.21022728,0.3125,12.454545,0,11
2026-09-28 08:00:00+00,DR-01,Koridor Darmo - Tunjungan,47.81818,60,0.20301819,0.3,9.363636,0,11
2026-09-28 08:00:00+00,DR-02,Koridor Darmo - Tunjungan,40.18182,51,0.21211818,0.3137,12.181818,0,11
2026-09-28 08:00:00+00,DR-03,Koridor Darmo - Tunjungan,37.454544,47,0.20308182,0.3404,12.181818,0,11
2026-09-28 08:00:00+00,MR-01,Koridor MERR,39.363636,51,0.22816363,0.3529,13.090909,0,11
2026-09-28 08:00:00+00,MR-02,Koridor MERR,32.090908,42,0.23592727,0.3333,16.90909,0,11
2026-09-28 08:00:00+00,MR-03,Koridor MERR,35,44,0.20453636,0.3409,13.181818,0,11
2026-09-28 09:00:00+00,AY-01,Koridor A. Yani,22.029411,45,0.5104544,0.6667,52.25,41,68
2026-09-28 09:00:00+00,AY-02,Koridor A. Yani,26.294117,54,0.5130706,0.6481,43.64706,40,68
2026-09-28 09:00:00+00,AY-03,Koridor A. Yani,23.397058,48,0.5125603,0.6458,49.14706,40,68
2026-09-28 09:00:00+00,DR-01,Koridor Darmo - Tunjungan,29.514706,60,0.50809556,0.6667,38.632355,33,68
2026-09-28 09:00:00+00,DR-02,Koridor Darmo - Tunjungan,24.985294,51,0.5100897,0.6471,45.955883,43,68
2026-09-28 09:00:00+00,DR-03,Koridor Darmo - Tunjungan,23.058823,47,0.5093853,0.6383,49.60294,36,68
2026-09-28 09:00:00+00,MR-01,Koridor MERR,24.794117,51,0.5138397,0.6275,46.691177,39,68
2026-09-28 09:00:00+00,MR-02,Koridor MERR,20.220589,42,0.51855,0.6429,57.941177,42,68
2026-09-28 09:00:00+00,MR-03,Koridor MERR,21.92647,44,0.5016706,0.6591,52.132355,30,68
2026-09-28 10:00:00+00,AY-01,Koridor A. Yani,14.772727,45,0.6717182,0.7778,102.23637,110,110
2026-09-28 10:00:00+00,AY-02,Koridor A. Yani,17.545454,54,0.67508,0.7778,86.59091,110,110
2026-09-28 10:00:00+00,AY-03,Koridor A. Yani,15.590909,48,0.6751882,0.7708,97.56364,110,110
2026-09-28 10:00:00+00,DR-01,Koridor Darmo - Tunjungan,19.127274,60,0.6812118,0.7833,80.17273,110,110
2026-09-28 10:00:00+00,DR-02,Koridor Darmo - Tunjungan,16.49091,51,0.67666453,0.7647,93.22727,110,110
2026-09-28 10:00:00+00,DR-03,Koridor Darmo - Tunjungan,15.154546,47,0.6775691,0.766,100.163635,110,110
2026-09-28 10:00:00+00,MR-01,Koridor MERR,16.363636,51,0.67916274,0.7647,93.93636,110,110
2026-09-28 10:00:00+00,MR-02,Koridor MERR,13.6,42,0.6761973,0.7857,112.75455,110,110
2026-09-28 10:00:00+00,MR-03,Koridor MERR,14.036364,44,0.68098634,0.7727,109.01818,110,110
2026-09-28 11:00:00+00,AY-01,Koridor A. Yani,17.071428,45,0.62063575,0.7111,82.14286,12,14
2026-09-28 11:00:00+00,AY-02,Koridor A. Yani,20.571428,54,0.6190357,0.7222,69.85714,13,14
2026-09-28 11:00:00+00,AY-03,Koridor A. Yani,18.857143,48,0.60715,0.7292,73.92857,13,14
2026-09-28 11:00:00+00,DR-01,Koridor Darmo - Tunjungan,21.857143,60,0.6357143,0.7333,65.64286,13,14
2026-09-28 11:00:00+00,DR-02,Koridor Darmo - Tunjungan,17.571428,51,0.6554857,0.7451,84.28571,13,14
2026-09-28 11:00:00+00,DR-03,Koridor Darmo - Tunjungan,16.857143,47,0.6413429,0.7447,87.78571,12,14
2026-09-28 11:00:00+00,MR-01,Koridor MERR,18.857143,51,0.63027143,0.7451,77.28571,13,14
2026-09-28 11:00:00+00,MR-02,Koridor MERR,15.571428,42,0.62925714,0.7143,91.57143,14,14
2026-09-28 11:00:00+00,MR-03,Koridor MERR,15.928572,44,0.63797146,0.75,92,14,14
2026-09-28 12:00:00+00,AY-01,Koridor A. Yani,31.373737,45,0.30280504,0.4667,21.717173,0,99
2026-09-28 12:00:00+00,AY-02,Koridor A. Yani,37.82828,54,0.2994778,0.4259,17.666666,0,99
2026-09-28 12:00:00+00,AY-03,Koridor A. Yani,33.9899,48,0.29187676,0.4375,19.222221,0,99
2026-09-28 12:00:00+00,DR-01,Koridor Darmo - Tunjungan,42.49495,60,0.2917485,0.4833,15.323233,0,99
2026-09-28 12:00:00+00,DR-02,Koridor Darmo - Tunjungan,36.333332,51,0.28758082,0.451,18.181818,0,99
2026-09-28 12:00:00+00,DR-03,Koridor Darmo - Tunjungan,32.89899,47,0.3000111,0.4681,20.50505,0,99
2026-09-28 12:00:00+00,MR-01,Koridor MERR,36.252525,51,0.2891606,0.451,18.222221,0,99
2026-09-28 12:00:00+00,MR-02,Koridor MERR,29.60606,42,0.2950889,0.4524,22.818182,0,99
2026-09-28 12:00:00+00,MR-03,Koridor MERR,31.030304,44,0.29476565,0.4773,21.555555,0,99
2026-09-28 13:00:00+00,AY-01,Koridor A. Yani,38.763638,45,0.13858908,0.2444,7.918182,0,110
2026-09-28 13:00:00+00,AY-02,Koridor A. Yani,46.52727,54,0.13838,0.2593,6.572727,0,110
2026-09-28 13:00:00+00,AY-03,Koridor A. Yani,40.936363,48,0.1471609,0.25,7.836364,0,110
2026-09-28 13:00:00+00,DR-01,Koridor Darmo - Tunjungan,51.21818,60,0.14636455,0.2667,6.3636365,0,110
2026-09-28 13:00:00+00,DR-02,Koridor Darmo - Tunjungan,43.51818,51,0.14670454,0.2549,7.7454543,0,110
2026-09-28 13:00:00+00,DR-03,Koridor Darmo - Tunjungan,40.336365,47,0.14178364,0.2553,7.6454544,0,110
2026-09-28 13:00:00+00,MR-01,Koridor MERR,43.68182,51,0.14349636,0.2549,7.581818,0,110
2026-09-28 13:00:00+00,MR-02,Koridor MERR,36.00909,42,0.14264092,0.2381,9.209091,0,110
2026-09-28 13:00:00+00,MR-03,Koridor MERR,37.68182,44,0.14359455,0.25,8.463636,0,110
2026-09-28 14:00:00+00,AY-01,Koridor A. Yani,40.07843,45,0.10937549,0.1778,5.882353,0,102
2026-09-28 14:00:00+00,AY-02,Koridor A. Yani,48.54902,54,0.10094118,0.1852,4.607843,0,102
2026-09-28 14:00:00+00,AY-03,Koridor A. Yani,42.490196,48,0.11479314,0.1875,5.9215684,0,102
2026-09-28 14:00:00+00,DR-01,Koridor Darmo - Tunjungan,53.72549,60,0.104576476,0.1833,4.352941,0,102
2026-09-28 14:00:00+00,DR-02,Koridor Darmo - Tunjungan,45.77451,51,0.1024549,0.1765,5.22549,0,102
2026-09-28 14:00:00+00,DR-03,Koridor Darmo - Tunjungan,42.284313,47,0.10033922,0.1915,5.127451,0,102
2026-09-28 14:00:00+00,MR-01,Koridor MERR,45.519608,51,0.10745784,0.1765,5.480392,0,102
2026-09-28 14:00:00+00,MR-02,Koridor MERR,37.568626,42,0.105498046,0.1905,6.627451,0,102
2026-09-28 14:00:00+00,MR-03,Koridor MERR,39.42157,44,0.10406274,0.1818,5.8039217,0,102
2026-09-29 01:00:00+00,AY-01,Koridor A. Yani,23.5,45,0.47778067,0.6222,45.340908,34,88
2026-09-29 01:00:00+00,AY-02,Koridor A. Yani,27.977272,54,0.48190454,0.6481,38.909092,33,88
2026-09-29 01:00:00+00,AY-03,Koridor A. Yani,24.829546,48,0.48271817,0.6667,44.090908,32,88
2026-09-29 01:00:00+00,DR-01,Koridor Darmo - Tunjungan,30.261364,60,0.49564317,0.6667,37.397728,36,88
2026-09-29 01:00:00+00,DR-02,Koridor Darmo - Tunjungan,26.363636,51,0.4830659,0.6667,42.011364,39,88
2026-09-29 01:00:00+00,DR-03,Koridor Darmo - Tunjungan,23.920454,47,0.49105227,0.6596,46.465908,42,88
2026-09-29 01:00:00+00,MR-01,Koridor MERR,25.90909,51,0.49197274,0.6667,43.625,44,88
2026-09-29 01:00:00+00,MR-02,Koridor MERR,21.65909,42,0.48430908,0.6429,51.613636,32,88
2026-09-29 01:00:00+00,MR-03,Koridor MERR,22.579546,44,0.48682386,0.6364,48.647728,31,88
2026-09-29 02:00:00+00,AY-01,Koridor A. Yani,33.484848,45,0.25588685,0.4222,17.151516,0,99
2026-09-29 02:00:00+00,AY-02,Koridor A. Yani,39.919193,54,0.26075655,0.4259,14.565657,0,99
2026-09-29 02:00:00+00,AY-03,Koridor A. Yani,35.9899,48,0.25021717,0.4167,15.565657,0,99
2026-09-29 02:00:00+00,DR-01,Koridor Darmo - Tunjungan,44.61616,60,0.25640202,0.4167,12.717172,0,99
2026-09-29 02:00:00+00,DR-02,Koridor Darmo - Tunjungan,37.959595,51,0.25569496,0.4314,15.40404,0,99
2026-09-29 02:00:00+00,DR-03,Koridor Darmo - Tunjungan,34.79798,47,0.25960907,0.4043,16.656565,0,99
2026-09-29 02:00:00+00,MR-01,Koridor MERR,37.545456,51,0.26380807,0.4118,15.909091,0,99
2026-09-29 02:00:00+00,MR-02,Koridor MERR,30.878788,42,0.26479194,0.4048,19.666666,0,99
2026-09-29 02:00:00+00,MR-03,Koridor MERR,32.727272,44,0.256201,0.4091,17.60606,0,99
2026-09-29 03:00:00+00,AY-01,Koridor A. Yani,39.566265,45,0.120751806,0.2,6.5783134,0,83
2026-09-29 03:00:00+00,AY-02,Koridor A. Yani,47.06024,54,0.12851085,0.2222,5.9397593,0,83
2026-09-29 03:00:00+00,AY-03,Koridor A. Yani,42.20482,48,0.12073374,0.2083,6.240964,0,83
2026-09-29 03:00:00+00,DR-01,Koridor Darmo - Tunjungan,52.891567,60,0.118466265,0.2,4.9638553,0,83
2026-09-29 03:00:00+00,DR-02,Koridor Darmo - Tunjungan,44.86747,51,0.120245785,0.2157,6.3012047,0,83
2026-09-29 03:00:00+00,DR-03,Koridor Darmo - Tunjungan,41.325302,47,0.12073976,0.2128,6.3012047,0,83
2026-09-29 03:00:00+00,MR-01,Koridor MERR,44.638554,51,0.12473494,0.2157,6.481928,0,83
2026-09-29 03:00:00+00,MR-02,Koridor MERR,37.144577,42,0.11559759,0.2143,7.3493977,0,83
2026-09-29 03:00:00+00,MR-03,Koridor MERR,38.903614,44,0.11583132,0.2045,6.6506023,0,83
2026-09-29 04:00:00+00,AY-01,Koridor A. Yani,40.618183,45,0.09737818,0.1778,5.2090907,0,110
2026-09-29 04:00:00+00,AY-02,Koridor A. Yani,48.745453,54,0.09730727,0.1852,4.409091,0,110
2026-09-29 04:00:00+00,AY-03,Koridor A. Yani,43.563637,48,0.09242546,0.1875,4.663636,0,110
2026-09-29 04:00:00+00,DR-01,Koridor Darmo - Tunjungan,53.98182,60,0.10030182,0.1833,4.1272726,0,110
2026-09-29 04:00:00+00,DR-02,Koridor Darmo - Tunjungan,45.71818,51,0.103556365,0.1765,5.2818184,0,110
2026-09-29 04:00:00+00,DR-03,Koridor Darmo - Tunjungan,42.154545,47,0.1031,0.1915,5.2727275,0,110
2026-09-29 04:00:00+00,MR-01,Koridor MERR,45.754547,51,0.10284727,0.1765,5.2454543,0,110
2026-09-29 04:00:00+00,MR-02,Koridor MERR,37.636364,42,0.103888184,0.1905,6.5636363,0,110
2026-09-29 04:00:00+00,MR-03,Koridor MERR,39.409092,44,0.10434455,0.1818,5.836364,0,110
2026-09-29 05:00:00+00,AY-01,Koridor A. Yani,40.24138,45,0.10575172,0.1778,5.7586207,0,29
2026-09-29 05:00:00+00,AY-02,Koridor A. Yani,49.03448,54,0.09195518,0.1852,4.137931,0,29
2026-09-29 05:00:00+00,AY-03,Koridor A. Yani,43.37931,48,0.09626207,0.1667,4.827586,0,29
2026-09-29 05:00:00+00,DR-01,Koridor Darmo - Tunjungan,53.96552,60,0.100572415,0.1833,4.137931,0,29
2026-09-29 05:00:00+00,DR-02,Koridor Darmo - Tunjungan,45.172413,51,0.11426207,0.1765,5.827586,0,29
2026-09-29 05:00:00+00,DR-03,Koridor Darmo - Tunjungan,42.58621,47,0.09391724,0.1702,4.793103,0,29
2026-09-29 05:00:00+00,MR-01,Koridor MERR,45.62069,51,0.105468966,0.1765,5.37931,0,29
2026-09-29 05:00:00+00,MR-02,Koridor MERR,37.827587,42,0.099337935,0.1667,6.275862,0,29
2026-09-29 05:00:00+00,MR-03,Koridor MERR,40.172413,44,0.086993106,0.1364,4.6551723,0,29
2026-09-29 06:00:00+00,AY-01,Koridor A. Yani,41.083332,45,0.08703611,0.1778,4.5833335,0,36
2026-09-29 06:00:00+00,AY-02,Koridor A. Yani,47.444443,54,0.12139723,0.1852,5.5833335,0,36
2026-09-29 06:00:00+00,AY-03,Koridor A. Yani,43.083332,48,0.10243333,0.1875,5.25,0,36
2026-09-29 06:00:00+00,DR-01,Koridor Darmo - Tunjungan,54.02778,60,0.099533334,0.1833,4.1666665,0,36
2026-09-29 06:00:00+00,DR-02,Koridor Darmo - Tunjungan,46.166668,51,0.09475277,0.1765,4.8333335,0,36
2026-09-29 06:00:00+00,DR-03,Koridor Darmo - Tunjungan,42.36111,47,0.09870278,0.1489,5,0,36
2026-09-29 06:00:00+00,MR-01,Koridor MERR,46.11111,51,0.09585556,0.1765,4.888889,0,36
2026-09-29 06:00:00+00,MR-02,Koridor MERR,37.555557,42,0.10581389,0.1905,6.6666665,0,36
2026-09-29 06:00:00+00,MR-03,Koridor MERR,40.25,44,0.08523889,0.1818,4.611111,0,36
2026-09-29 07:00:00+00,AY-01,Koridor A. Yani,40.25,45,0.105550006,0.1333,5.5,0,4
2026-09-29 07:00:00+00,AY-02,Koridor A. Yani,48,54,0.111125,0.1852,5,0,4
2026-09-29 07:00:00+00,AY-03,Koridor A. Yani,44,48,0.08335,0.1667,4.25,0,4
2026-09-29 07:00:00+00,DR-01,Koridor Darmo - Tunjungan,54,60,0.099975005,0.15,3.75,0,4
2026-09-29 07:00:00+00,DR-02,Koridor Darmo - Tunjungan,47.5,51,0.0686,0.1176,3.5,0,4
2026-09-29 07:00:00+00,DR-03,Koridor Darmo - Tunjungan,39,47,0.170225,0.1915,9.5,0,4
2026-09-29 07:00:00+00,MR-01,Koridor MERR,45,51,0.117625,0.1765,6,0,4
2026-09-29 07:00:00+00,MR-02,Koridor MERR,38,42,0.09525,0.1429,6,0,4
2026-09-29 07:00:00+00,MR-03,Koridor MERR,38.25,44,0.130675,0.1591,7.25,0,4
2026-09-29 08:00:00+00,AY-01,Koridor A. Yani,34,45,0.244425,0.2889,16,0,4
2026-09-29 08:00:00+00,AY-02,Koridor A. Yani,44.75,54,0.17130001,0.2037,8.25,0,4
2026-09-29 08:00:00+00,AY-03,Koridor A. Yani,40,48,0.166675,0.2083,9,0,4
2026-09-29 08:00:00+00,DR-01,Koridor Darmo - Tunjungan,48,60,0.200025,0.2667,9,0,4
2026-09-29 08:00:00+00,DR-02,Koridor Darmo - Tunjungan,43,51,0.156875,0.1961,8.25,0,4
2026-09-29 08:00:00+00,DR-03,Koridor Darmo - Tunjungan,36.75,47,0.218075,0.2766,13.25,0,4
2026-09-29 08:00:00+00,MR-01,Koridor MERR,41.75,51,0.181375,0.2549,10,0,4
2026-09-29 08:00:00+00,MR-02,Koridor MERR,33.5,42,0.2024,0.2381,13.75,0,4
2026-09-29 08:00:00+00,MR-03,Koridor MERR,36.25,44,0.176125,0.25,10.75,0,4
2026-09-29 09:00:00+00,AY-01,Koridor A. Yani,23.317074,45,0.48184267,0.6444,46.780487,36,82
2026-09-29 09:00:00+00,AY-02,Koridor A. Yani,28.414635,54,0.4738,0.6296,37.69512,28,82
2026-09-29 09:00:00+00,AY-03,Koridor A. Yani,24.914635,48,0.4809439,0.625,43.463413,27,82
2026-09-29 09:00:00+00,DR-01,Koridor Darmo - Tunjungan,31.036585,60,0.4827244,0.65,35.26829,33,82
2026-09-29 09:00:00+00,DR-02,Koridor Darmo - Tunjungan,26.45122,51,0.48134634,0.6275,41.378048,34,82
2026-09-29 09:00:00+00,DR-03,Koridor Darmo - Tunjungan,24.90244,47,0.4701634,0.6383,42.82927,28,82
2026-09-29 09:00:00+00,MR-01,Koridor MERR,26.54878,51,0.4794378,0.6275,41.085365,32,82
2026-09-29 09:00:00+00,MR-02,Koridor MERR,22.45122,42,0.46544877,0.6429,47.560974,22,82
2026-09-29 09:00:00+00,MR-03,Koridor MERR,23.036585,44,0.4764378,0.6591,46.865852,30,82
2026-09-29 10:00:00+00,AY-01,Koridor A. Yani,13,45,0.7111,0.7111,118,1,1
2026-09-29 10:00:00+00,AY-02,Koridor A. Yani,14,54,0.7407,0.7407,114,1,1
2026-09-29 10:00:00+00,AY-03,Koridor A. Yani,18,48,0.625,0.625,75,1,1
2026-09-29 10:00:00+00,DR-01,Koridor Darmo - Tunjungan,16,60,0.7333,0.7333,99,1,1
2026-09-29 10:00:00+00,DR-02,Koridor Darmo - Tunjungan,16,51,0.6863,0.6863,93,1,1
2026-09-29 10:00:00+00,DR-03,Koridor Darmo - Tunjungan,11,47,0.766,0.766,150,1,1
2026-09-29 10:00:00+00,MR-01,Koridor MERR,19,51,0.6275,0.6275,72,1,1
2026-09-29 10:00:00+00,MR-02,Koridor MERR,13,42,0.6905,0.6905,115,1,1
2026-09-29 10:00:00+00,MR-03,Koridor MERR,13,44,0.7045,0.7045,117,1,1
2026-09-29 11:00:00+00,AY-01,Koridor A. Yani,21.90625,45,0.51318747,0.6889,53.34375,18,32
2026-09-29 11:00:00+00,AY-02,Koridor A. Yani,26.65625,54,0.5063656,0.6852,42.5,18,32
2026-09-29 11:00:00+00,AY-03,Koridor A. Yani,23.625,48,0.5078094,0.6875,49.28125,12,32
2026-09-29 11:00:00+00,DR-01,Koridor Darmo - Tunjungan,29.90625,60,0.5015594,0.65,37.59375,15,32
2026-09-29 11:00:00+00,DR-02,Koridor Darmo - Tunjungan,24.59375,51,0.517775,0.7059,48.03125,19,32
2026-09-29 11:00:00+00,DR-03,Koridor Darmo - Tunjungan,23.71875,47,0.49534374,0.7021,48,14,32
2026-09-29 11:00:00+00,MR-01,Koridor MERR,25.21875,51,0.50552815,0.7255,47.125,13,32
2026-09-29 11:00:00+00,MR-02,Koridor MERR,20.6875,42,0.50745,0.7143,56.6875,15,32
2026-09-29 11:00:00+00,MR-03,Koridor MERR,21.5,44,0.5113625,0.7273,54.5625,17,32
2026-09-29 12:00:00+00,AY-01,Koridor A. Yani,31.336363,45,0.30364,0.4667,21.845455,0,110
2026-09-29 12:00:00+00,AY-02,Koridor A. Yani,37.71818,54,0.30151364,0.463,17.972727,0,110
2026-09-29 12:00:00+00,AY-03,Koridor A. Yani,33.68182,48,0.29829547,0.5,20.072727,0,110
2026-09-29 12:00:00+00,DR-01,Koridor Darmo - Tunjungan,41.8,60,0.30333,0.4833,16.263636,0,110
2026-09-29 12:00:00+00,DR-02,Koridor Darmo - Tunjungan,35.418182,51,0.30552456,0.4706,19.818182,0,110
2026-09-29 12:00:00+00,DR-03,Koridor Darmo - Tunjungan,32.645454,47,0.30541182,0.4894,21.172728,0,110
2026-09-29 12:00:00+00,MR-01,Koridor MERR,35.636364,51,0.30124363,0.4706,19.363636,0,110
2026-09-29 12:00:00+00,MR-02,Koridor MERR,29.10909,42,0.30692455,0.5,24.181818,0,110
2026-09-29 12:00:00+00,MR-03,Koridor MERR,30.645454,44,0.30351365,0.5,22.563637,0,110
2026-09-29 13:00:00+00,AY-01,Koridor A. Yani,38.254547,45,0.1499,0.2444,8.636364,0,110
2026-09-29 13:00:00+00,AY-02,Koridor A. Yani,46.409092,54,0.14056727,0.2407,6.6,0,110
2026-09-29 13:00:00+00,AY-03,Koridor A. Yani,40.71818,48,0.15170364,0.2708,8.090909,0,110
2026-09-29 13:00:00+00,DR-01,Koridor Darmo - Tunjungan,51.2,60,0.14666818,0.25,6.3818183,0,110
2026-09-29 13:00:00+00,DR-02,Koridor Darmo - Tunjungan,43.99091,51,0.1374309,0.2549,7.2636366,0,110
2026-09-29 13:00:00+00,DR-03,Koridor Darmo - Tunjungan,40.372726,47,0.14101455,0.2766,7.609091,0,110
2026-09-29 13:00:00+00,MR-01,Koridor MERR,43.581818,51,0.14545909,0.2353,7.672727,0,110
2026-09-29 13:00:00+00,MR-02,Koridor MERR,36.081818,42,0.14090636,0.2381,9.063637,0,110
2026-09-29 13:00:00+00,MR-03,Koridor MERR,37.845455,44,0.13987455,0.25,8.272727,0,110
2026-09-29 14:00:00+00,AY-01,Koridor A. Yani,40.572727,45,0.09838091,0.1778,5.2363634,0,110
2026-09-29 14:00:00+00,AY-02,Koridor A. Yani,48.18182,54,0.10774273,0.1852,4.9363637,0,110
2026-09-29 14:00:00+00,AY-03,Koridor A. Yani,42.97273,48,0.10473909,0.1875,5.318182,0,110
2026-09-29 14:00:00+00,DR-01,Koridor Darmo - Tunjungan,54.445454,60,0.09257182,0.1833,3.7636364,0,110
2026-09-29 14:00:00+00,DR-02,Koridor Darmo - Tunjungan,45.78182,51,0.10231364,0.1765,5.2181816,0,110
2026-09-29 14:00:00+00,DR-03,Koridor Darmo - Tunjungan,41.79091,47,0.11082818,0.1915,5.7090907,0,110
2026-09-29 14:00:00+00,MR-01,Koridor MERR,45.354546,51,0.110691816,0.1961,5.6545453,0,110
2026-09-29 14:00:00+00,MR-02,Koridor MERR,37.454544,42,0.10822,0.1905,6.8,0,110
2026-09-29 14:00:00+00,MR-03,Koridor MERR,39.154545,44,0.11013363,0.1818,6.181818,0,110
2026-09-29 15:00:00+00,AY-01,Koridor A. Yani,40.48182,45,0.10040636,0.1778,5.390909,0,110
2026-09-29 15:00:00+00,AY-02,Koridor A. Yani,49.01818,54,0.09225455,0.1852,4.2090907,0,110
2026-09-29 15:00:00+00,AY-03,Koridor A. Yani,43.390907,48,0.09602091,0.1667,4.927273,0,110
2026-09-29 15:00:00+00,DR-01,Koridor Darmo - Tunjungan,54.436363,60,0.09272909,0.1833,3.8,0,110
2026-09-29 15:00:00+00,DR-02,Koridor Darmo - Tunjungan,45.736362,51,0.10320273,0.1765,5.2636366,0,110
2026-09-29 15:00:00+00,DR-03,Koridor Darmo - Tunjungan,42.50909,47,0.09555636,0.1702,4.818182,0,110
2026-09-29 15:00:00+00,MR-01,Koridor MERR,46.1,51,0.09607091,0.1765,4.9,0,110
2026-09-29 15:00:00+00,MR-02,Koridor MERR,37.8,42,0.09998637,0.1905,6.2545457,0,110
2026-09-29 15:00:00+00,MR-03,Koridor MERR,39.51818,44,0.10186455,0.1818,5.7181816,0,110
2026-09-29 16:00:00+00,AY-01,Koridor A. Yani,40,45,0.11111111,0.1778,6.0740743,0,27
2026-09-29 16:00:00+00,AY-02,Koridor A. Yani,48.74074,54,0.09738889,0.1852,4.4074073,0,27
2026-09-29 16:00:00+00,AY-03,Koridor A. Yani,43.22222,48,0.09954074,0.1875,5,0,27
2026-09-29 16:00:00+00,DR-01,Koridor Darmo - Tunjungan,54.48148,60,0.09197407,0.1833,3.7777777,0,27
2026-09-29 16:00:00+00,DR-02,Koridor Darmo - Tunjungan,46.074074,51,0.09658148,0.1765,4.9259257,0,27
2026-09-29 16:00:00+00,DR-03,Koridor Darmo - Tunjungan,43.148148,47,0.081962965,0.1702,4.111111,0,27
2026-09-29 16:00:00+00,MR-01,Koridor MERR,45.444443,51,0.10892592,0.1765,5.5555553,0,27
2026-09-29 16:00:00+00,MR-02,Koridor MERR,38.074074,42,0.09346667,0.1905,5.814815,0,27
2026-09-29 16:00:00+00,MR-03,Koridor MERR,39.296295,44,0.106907405,0.1818,5.9259257,0,27
2026-09-29 17:00:00+00,AY-01,Koridor A. Yani,39.75,45,0.116675004,0.1556,6.5,0,4
2026-09-29 17:00:00+00,AY-02,Koridor A. Yani,47.5,54,0.12037501,0.1667,5.5,0,4
2026-09-29 17:00:00+00,AY-03,Koridor A. Yani,43,48,0.104175,0.1667,5.25,0,4
2026-09-29 17:00:00+00,DR-01,Koridor Darmo - Tunjungan,55.25,60,0.07915,0.1833,3.25,0,4
2026-09-29 17:00:00+00,DR-02,Koridor Darmo - Tunjungan,44.75,51,0.122525,0.1569,6.25,0,4
2026-09-29 17:00:00+00,DR-03,Koridor Darmo - Tunjungan,41.75,47,0.1117,0.1702,5.5,0,4
2026-09-29 17:00:00+00,MR-01,Koridor MERR,45.75,51,0.102925,0.1373,5.25,0,4
2026-09-29 17:00:00+00,MR-02,Koridor MERR,36.5,42,0.13095,0.1667,8.5,0,4
2026-09-29 17:00:00+00,MR-03,Koridor MERR,38.5,44,0.125,0.1591,7,0,4
2026-09-29 18:00:00+00,AY-01,Koridor A. Yani,41.833332,45,0.07035,0.1556,3.6666667,0,6
2026-09-29 18:00:00+00,AY-02,Koridor A. Yani,48.333332,54,0.10491667,0.1481,4.8333335,0,6
2026-09-29 18:00:00+00,AY-03,Koridor A. Yani,43.333332,48,0.09725,0.1667,4.8333335,0,6
2026-09-29 18:00:00+00,DR-01,Koridor Darmo - Tunjungan,55.5,60,0.075,0.1667,3,0,6
2026-09-29 18:00:00+00,DR-02,Koridor Darmo - Tunjungan,46.333332,51,0.091466665,0.1176,4.6666665,0,6
2026-09-29 18:00:00+00,DR-03,Koridor Darmo - Tunjungan,44,47,0.06385,0.1277,3.1666667,0,6
2026-09-29 18:00:00+00,MR-01,Koridor MERR,44.5,51,0.12746666,0.1765,6.5,0,6
2026-09-29 18:00:00+00,MR-02,Koridor MERR,36.666668,42,0.12698334,0.1667,8,0,6
2026-09-29 18:00:00+00,MR-03,Koridor MERR,39.333332,44,0.10606667,0.1591,5.8333335,0,6
2026-09-29 19:00:00+00,AY-01,Koridor A. Yani,39.5,45,0.122225,0.1556,6.75,0,4
2026-09-29 19:00:00+00,AY-02,Koridor A. Yani,48.25,54,0.10645001,0.1481,5,0,4
2026-09-29 19:00:00+00,AY-03,Koridor A. Yani,44,48,0.08335,0.1667,4.25,0,4
2026-09-29 19:00:00+00,DR-01,Koridor Darmo - Tunjungan,54.5,60,0.091675,0.1667,3.75,0,4
2026-09-29 19:00:00+00,DR-02,Koridor Darmo - Tunjungan,45.25,51,0.11275,0.1373,5.75,0,4
2026-09-29 19:00:00+00,DR-03,Koridor Darmo - Tunjungan,42.5,47,0.095750004,0.1489,5,0,4
2026-09-29 19:00:00+00,MR-01,Koridor MERR,46.25,51,0.0931,0.1176,4.75,0,4
2026-09-29 19:00:00+00,MR-02,Koridor MERR,38.75,42,0.077350006,0.119,4.75,0,4
2026-09-29 19:00:00+00,MR-03,Koridor MERR,41,44,0.068175,0.1136,3.5,0,4
2026-09-29 20:00:00+00,AY-01,Koridor A. Yani,39.8,45,0.11558,0.1778,6.4,0,5
2026-09-29 20:00:00+00,AY-02,Koridor A. Yani,47.2,54,0.12594001,0.1667,5.8,0,5
2026-09-29 20:00:00+00,AY-03,Koridor A. Yani,43.2,48,0.10002,0.125,4.8,0,5
2026-09-29 20:00:00+00,DR-01,Koridor Darmo - Tunjungan,54,60,0.10002,0.1667,4.2,0,5
2026-09-29 20:00:00+00,DR-02,Koridor Darmo - Tunjungan,43.8,51,0.14118,0.1765,7.2,0,5
2026-09-29 20:00:00+00,DR-03,Koridor Darmo - Tunjungan,41.8,47,0.11064,0.1915,5.8,0,5
2026-09-29 20:00:00+00,MR-01,Koridor MERR,45.2,51,0.11374,0.1373,5.8,0,5
2026-09-29 20:00:00+00,MR-02,Koridor MERR,36.8,42,0.12382001,0.1667,7.8,0,5
2026-09-29 20:00:00+00,MR-03,Koridor MERR,39.6,44,0.1,0.1364,5.6,0,5
2026-09-29 21:00:00+00,AY-01,Koridor A. Yani,39,45,0.13333334,0.1778,7.3333335,0,3
2026-09-29 21:00:00+00,AY-02,Koridor A. Yani,45.666668,54,0.15433334,0.2037,7.3333335,0,3
2026-09-29 21:00:00+00,AY-03,Koridor A. Yani,40.333332,48,0.15973333,0.1875,8.333333,0,3
2026-09-29 21:00:00+00,DR-01,Koridor Darmo - Tunjungan,54,60,0.100033335,0.1667,4.3333335,0,3
2026-09-29 21:00:00+00,DR-02,Koridor Darmo - Tunjungan,45.333332,51,0.1111,0.1373,5.6666665,0,3
2026-09-29 21:00:00+00,DR-03,Koridor Darmo - Tunjungan,41.666668,47,0.113466665,0.1489,6,0,3
2026-09-29 21:00:00+00,MR-01,Koridor MERR,45.666668,51,0.10456666,0.1569,5.3333335,0,3
2026-09-29 21:00:00+00,MR-02,Koridor MERR,36.666668,42,0.12696667,0.1905,8,0,3
2026-09-29 21:00:00+00,MR-03,Koridor MERR,39.666668,44,0.0985,0.1591,5.3333335,0,3
2026-09-29 23:00:00+00,AY-01,Koridor A. Yani,19,45,0.57774997,0.6444,68.5,2,2
2026-09-29 23:00:00+00,AY-02,Koridor A. Yani,22,54,0.5926,0.6296,59,2,2
2026-09-29 23:00:00+00,AY-03,Koridor A. Yani,18.5,48,0.6146,0.625,72,2,2
2026-09-29 23:00:00+00,DR-01,Koridor Darmo - Tunjungan,22.5,60,0.625,0.6333,60,2,2
2026-09-29 23:00:00+00,DR-02,Koridor Darmo - Tunjungan,23,51,0.549,0.6078,53.5,1,2
2026-09-29 23:00:00+00,DR-03,Koridor Darmo - Tunjungan,21.5,47,0.54254997,0.5532,54.5,2,2
2026-09-29 23:00:00+00,MR-01,Koridor MERR,23,51,0.549,0.5686,52,2,2
2026-09-29 23:00:00+00,MR-02,Koridor MERR,17,42,0.5952,0.619,76.5,2,2
2026-09-29 23:00:00+00,MR-03,Koridor MERR,22,44,0.5,0.5,49,0,2
2026-09-30 00:00:00+00,AY-01,Koridor A. Yani,13.979798,45,0.68933636,0.7778,110.77778,99,99
2026-09-30 00:00:00+00,AY-02,Koridor A. Yani,16.929293,54,0.6864849,0.7778,91.171715,99,99
2026-09-30 00:00:00+00,AY-03,Koridor A. Yani,15.070707,48,0.6860283,0.7708,101.72727,99,99
2026-09-30 00:00:00+00,DR-01,Koridor Darmo - Tunjungan,19.161615,60,0.68063736,0.7667,79.29293,99,99
2026-09-30 00:00:00+00,DR-02,Koridor Darmo - Tunjungan,16.212122,51,0.68213534,0.7647,94.16161,99,99
2026-09-30 00:00:00+00,DR-03,Koridor Darmo - Tunjungan,14.989899,47,0.6810717,0.7872,101.48485,99,99
2026-09-30 00:00:00+00,MR-01,Koridor MERR,16.10101,51,0.6843111,0.7843,95.43434,99,99
2026-09-30 00:00:00+00,MR-02,Koridor MERR,13.272727,42,0.6839929,0.7857,116.07071,99,99
2026-09-30 00:00:00+00,MR-03,Koridor MERR,13.767676,44,0.68709594,0.7727,112.20202,99,99
2026-09-30 01:00:00+00,AY-01,Koridor A. Yani,22.00909,45,0.5109073,0.6889,53.872726,58,110
2026-09-30 01:00:00+00,AY-02,Koridor A. Yani,26.127274,54,0.5161618,0.6852,45.245453,59,110
2026-09-30 01:00:00+00,AY-03,Koridor A. Yani,23.6,48,0.5083309,0.6875,49.71818,57,110
2026-09-30 01:00:00+00,DR-01,Koridor Darmo - Tunjungan,29.3,60,0.51167,0.6833,40.609093,63,110
2026-09-30 01:00:00+00,DR-02,Koridor Darmo - Tunjungan,25.3,51,0.5039164,0.6863,46.554546,54,110
2026-09-30 01:00:00+00,DR-03,Koridor Darmo - Tunjungan,22.972727,47,0.5112227,0.6809,51.254547,56,110
2026-09-30 01:00:00+00,MR-01,Koridor MERR,24.636364,51,0.51693547,0.7059,48.99091,67,110
2026-09-30 01:00:00+00,MR-02,Koridor MERR,20.445454,42,0.5132036,0.6905,58.109093,54,110
2026-09-30 01:00:00+00,MR-03,Koridor MERR,21.763636,44,0.5053727,0.6818,53.5,59,110
2026-09-30 02:00:00+00,AY-01,Koridor A. Yani,32.898552,45,0.26891884,0.4222,18.449276,0,69
2026-09-30 02:00:00+00,AY-02,Koridor A. Yani,39.536232,54,0.26785073,0.3889,15.173913,0,69
2026-09-30 02:00:00+00,AY-03,Koridor A. Yani,35.36232,48,0.26328406,0.3958,16.782608,0,69
2026-09-30 02:00:00+00,DR-01,Koridor Darmo - Tunjungan,43.95652,60,0.2673942,0.4,13.681159,0,69
2026-09-30 02:00:00+00,DR-02,Koridor Darmo - Tunjungan,37.391304,51,0.26683187,0.4314,16.52174,0,69
2026-09-30 02:00:00+00,DR-03,Koridor Darmo - Tunjungan,34.898552,47,0.25747102,0.4255,16.637682,0,69
2026-09-30 02:00:00+00,MR-01,Koridor MERR,37.391304,51,0.2668261,0.4118,16.463768,0,69
2026-09-30 02:00:00+00,MR-02,Koridor MERR,30.913044,42,0.26397538,0.381,19.623188,0,69
2026-09-30 02:00:00+00,MR-03,Koridor MERR,32.36232,44,0.26450145,0.4091,18.57971,0,69
2026-09-30 03:00:00+00,AY-01,Koridor A. Yani,39.090908,45,0.13131636,0.2222,7.390909,0,110
2026-09-30 03:00:00+00,AY-02,Koridor A. Yani,46.48182,54,0.13922545,0.2407,6.5272727,0,110
2026-09-30 03:00:00+00,AY-03,Koridor A. Yani,41.7,48,0.13124909,0.2083,6.827273,0,110
2026-09-30 03:00:00+00,DR-01,Koridor Darmo - Tunjungan,52.727272,60,0.12120818,0.2333,5.1363635,0,110
2026-09-30 03:00:00+00,DR-02,Koridor Darmo - Tunjungan,44.47273,51,0.12798181,0.2353,6.7363634,0,110
2026-09-30 03:00:00+00,DR-03,Koridor Darmo - Tunjungan,40.909092,47,0.12959273,0.234,6.8454547,0,110
2026-09-30 03:00:00+00,MR-01,Koridor MERR,44.172726,51,0.13387091,0.2157,6.9545455,0,110
2026-09-30 03:00:00+00,MR-02,Koridor MERR,36.645454,42,0.12748364,0.2381,8.2,0,110
2026-09-30 03:00:00+00,MR-03,Koridor MERR,38.136364,44,0.13326,0.2273,7.7,0,110
2026-09-30 04:00:00+00,AY-01,Koridor A. Yani,40.536366,45,0.099190906,0.1778,5.318182,0,110
2026-09-30 04:00:00+00,AY-02,Koridor A. Yani,48.51818,54,0.10151364,0.1852,4.681818,0,110
2026-09-30 04:00:00+00,AY-03,Koridor A. Yani,42.9,48,0.10625,0.1875,5.4636364,0,110
2026-09-30 04:00:00+00,DR-01,Koridor Darmo - Tunjungan,54.054546,60,0.099088185,0.1833,4.0454545,0,110
2026-09-30 04:00:00+00,DR-02,Koridor Darmo - Tunjungan,45.645454,51,0.10498636,0.1765,5.3545456,0,110
2026-09-30 04:00:00+00,DR-03,Koridor Darmo - Tunjungan,42.081818,47,0.104643635,0.1915,5.327273,0,110
2026-09-30 04:00:00+00,MR-01,Koridor MERR,45.672726,51,0.10445091,0.1765,5.327273,0,110
2026-09-30 04:00:00+00,MR-02,Koridor MERR,37.654545,42,0.10345819,0.1905,6.5272727,0,110
2026-09-30 04:00:00+00,MR-03,Koridor MERR,39.29091,44,0.107030906,0.1818,6.009091,0,110
2026-09-30 05:00:00+00,AY-01,Koridor A. Yani,40.94872,45,0.090029486,0.1778,4.75641,0,78
2026-09-30 05:00:00+00,AY-02,Koridor A. Yani,48.115383,54,0.10896667,0.1852,5.0128207,0,78
2026-09-30 05:00:00+00,AY-03,Koridor A. Yani,42.71795,48,0.11004872,0.1875,5.6538463,0,78
2026-09-30 05:00:00+00,DR-01,Koridor Darmo - Tunjungan,54.025642,60,0.09957436,0.1833,4.1025643,0,78
2026-09-30 05:00:00+00,DR-02,Koridor Darmo - Tunjungan,45.846153,51,0.10105256,0.1765,5.1538463,0,78
2026-09-30 05:00:00+00,DR-03,Koridor Darmo - Tunjungan,42.064102,47,0.10502564,0.1702,5.3846154,0,78
2026-09-30 05:00:00+00,MR-01,Koridor MERR,46.21795,51,0.09376026,0.1765,4.782051,0,78
2026-09-30 05:00:00+00,MR-02,Koridor MERR,37.910255,42,0.09736539,0.1905,6.1538463,0,78
2026-09-30 05:00:00+00,MR-03,Koridor MERR,40.346153,44,0.08305,0.1818,4.5384617,0,78
2026-09-30 06:00:00+00,AY-01,Koridor A. Yani,40.110092,45,0.108670644,0.1778,5.8715596,0,109
2026-09-30 06:00:00+00,AY-02,Koridor A. Yani,48.3578,54,0.10448165,0.1852,4.834862,0,109
2026-09-30 06:00:00+00,AY-03,Koridor A. Yani,42.72477,48,0.1099055,0.1875,5.614679,0,109
2026-09-30 06:00:00+00,DR-01,Koridor Darmo - Tunjungan,54.44037,60,0.09265688,0.1833,3.8440366,0,109
2026-09-30 06:00:00+00,DR-02,Koridor Darmo - Tunjungan,45.95413,51,0.09893028,0.1765,5.0458717,0,109
2026-09-30 06:00:00+00,DR-03,Koridor Darmo - Tunjungan,41.91743,47,0.108144954,0.1915,5.5779815,0,109
2026-09-30 06:00:00+00,MR-01,Koridor MERR,46.091743,51,0.09623394,0.1765,4.908257,0,109
2026-09-30 06:00:00+00,MR-02,Koridor MERR,37.779816,42,0.10047156,0.1905,6.3486238,0,109
2026-09-30 06:00:00+00,MR-03,Koridor MERR,39.42202,44,0.10405412,0.1818,5.853211,0,109
2026-09-30 07:00:00+00,AY-01,Koridor A. Yani,39.831776,45,0.11485327,0.2,6.271028,0,107
2026-09-30 07:00:00+00,AY-02,Koridor A. Yani,47.626167,54,0.11803926,0.2222,5.4018693,0,107
2026-09-30 07:00:00+00,AY-03,Koridor A. Yani,42.542057,48,0.113705605,0.1875,5.82243,0,107
2026-09-30 07:00:00+00,DR-01,Koridor Darmo - Tunjungan,52.88785,60,0.11853085,0.2167,4.990654,0,107
2026-09-30 07:00:00+00,DR-02,Koridor Darmo - Tunjungan,45.121494,51,0.11526075,0.2157,5.962617,0,107
2026-09-30 07:00:00+00,DR-03,Koridor Darmo - Tunjungan,41.682243,47,0.11314953,0.2128,5.8878503,0,107
2026-09-30 07:00:00+00,MR-01,Koridor MERR,45.48598,51,0.10810841,0.2157,5.5700936,0,107
2026-09-30 07:00:00+00,MR-02,Koridor MERR,37.13084,42,0.115922436,0.2143,7.2897196,0,107
2026-09-30 07:00:00+00,MR-03,Koridor MERR,38.38318,44,0.12765607,0.2045,7.308411,0,107
2026-09-30 08:00:00+00,AY-01,Koridor A. Yani,35.2451,45,0.21677549,0.3556,13.813725,0,102
2026-09-30 08:00:00+00,AY-02,Koridor A. Yani,41.764706,54,0.22657256,0.3704,11.990196,0,102
2026-09-30 08:00:00+00,AY-03,Koridor A. Yani,37.598038,48,0.2167049,0.375,12.794118,0,102
2026-09-30 08:00:00+00,DR-01,Koridor Darmo - Tunjungan,46.57843,60,0.22368921,0.3667,10.627451,0,102
2026-09-30 08:00:00+00,DR-02,Koridor Darmo - Tunjungan,39.627453,51,0.22299609,0.3529,12.725491,0,102
2026-09-30 08:00:00+00,DR-03,Koridor Darmo - Tunjungan,36.794117,47,0.21714412,0.383,12.980392,0,102
2026-09-30 08:00:00+00,MR-01,Koridor MERR,39.862743,51,0.21838138,0.3529,12.539216,0,102
2026-09-30 08:00:00+00,MR-02,Koridor MERR,32.7451,42,0.22035883,0.381,15.539216,0,102
2026-09-30 08:00:00+00,MR-03,Koridor MERR,34.068626,44,0.22571078,0.3636,14.931373,0,102
2026-09-30 09:00:00+00,AY-01,Koridor A. Yani,24.363636,45,0.45858908,0.6444,42.954544,42,110
2026-09-30 09:00:00+00,AY-02,Koridor A. Yani,29.145454,54,0.46027,0.6667,36.4,33,110
2026-09-30 09:00:00+00,AY-03,Koridor A. Yani,25.9,48,0.46042183,0.6667,41.372726,39,110
2026-09-30 09:00:00+00,DR-01,Koridor Darmo - Tunjungan,32.772728,60,0.45379364,0.65,32.045456,39,110
2026-09-30 09:00:00+00,DR-02,Koridor Darmo - Tunjungan,27.5,51,0.4607818,0.6471,38.645454,36,110
2026-09-30 09:00:00+00,DR-03,Koridor Darmo - Tunjungan,25.50909,47,0.4572509,0.6596,41.336365,39,110
2026-09-30 09:00:00+00,MR-01,Koridor MERR,27.472727,51,0.46131638,0.6471,39.427273,40,110
2026-09-30 09:00:00+00,MR-02,Koridor MERR,22.690908,42,0.45974183,0.6667,47.345455,35,110
2026-09-30 09:00:00+00,MR-03,Koridor MERR,23.6,44,0.46363726,0.6591,45.645454,43,110
2026-09-30 10:00:00+00,AY-01,Koridor A. Yani,14.857142,45,0.6698319,0.7778,100.82417,91,91
2026-09-30 10:00:00+00,AY-02,Koridor A. Yani,17.879122,54,0.6688978,0.7778,84.8022,91,91
2026-09-30 10:00:00+00,AY-03,Koridor A. Yani,15.21978,48,0.68292415,0.7708,100.40659,91,91
2026-09-30 10:00:00+00,DR-01,Koridor Darmo - Tunjungan,19.65934,60,0.67234725,0.7833,76.68132,91,91
2026-09-30 10:00:00+00,DR-02,Koridor Darmo - Tunjungan,16.626373,51,0.6740077,0.7843,91.24176,91,91
2026-09-30 10:00:00+00,DR-03,Koridor Darmo - Tunjungan,15.164835,47,0.67734945,0.766,100.34066,91,91
2026-09-30 10:00:00+00,MR-01,Koridor MERR,16.978022,51,0.66711426,0.7647,88.53846,91,91
2026-09-30 10:00:00+00,MR-02,Koridor MERR,13.615385,42,0.67583185,0.7857,111.96703,91,91
2026-09-30 10:00:00+00,MR-03,Koridor MERR,14.505494,44,0.6703253,0.7727,103.89011,91,91
2026-09-30 11:00:00+00,AY-01,Koridor A. Yani,16.833334,45,0.62591666,0.7333,86,6,6
2026-09-30 11:00:00+00,AY-02,Koridor A. Yani,22.666666,54,0.58023334,0.6296,56.333332,5,6
2026-09-30 11:00:00+00,AY-03,Koridor A. Yani,19.5,48,0.5937667,0.7292,72.333336,4,6
2026-09-30 11:00:00+00,DR-01,Koridor Darmo - Tunjungan,24.5,60,0.59166664,0.7,54.5,5,6
2026-09-30 11:00:00+00,DR-02,Koridor Darmo - Tunjungan,21.166666,51,0.58498335,0.7255,67.833336,4,6
2026-09-30 11:00:00+00,DR-03,Koridor Darmo - Tunjungan,19.833334,47,0.5780333,0.6809,66,4,6
2026-09-30 11:00:00+00,MR-01,Koridor MERR,20.833334,51,0.5915167,0.6863,67.666664,5,6
2026-09-30 11:00:00+00,MR-02,Koridor MERR,18,42,0.5714333,0.7381,77.5,4,6
2026-09-30 11:00:00+00,MR-03,Koridor MERR,18.833334,44,0.57196665,0.6591,68.5,4,6
2026-09-30 12:00:00+00,AY-01,Koridor A. Yani,34.03125,45,0.24375625,0.4222,15.9375,0,32
2026-09-30 12:00:00+00,AY-02,Koridor A. Yani,40.78125,54,0.2448,0.4259,13.28125,0,32
2026-09-30 12:00:00+00,AY-03,Koridor A. Yani,36.0625,48,0.24869375,0.4583,15.4375,0,32
2026-09-30 12:00:00+00,DR-01,Koridor Darmo - Tunjungan,45.625,60,0.23959063,0.3667,11.5625,0,32
2026-09-30 12:00:00+00,DR-02,Koridor Darmo - Tunjungan,39.46875,51,0.2261125,0.3529,12.96875,0,32
2026-09-30 12:00:00+00,DR-03,Koridor Darmo - Tunjungan,35.90625,47,0.23603125,0.4255,14.65625,0,32
2026-09-30 12:00:00+00,MR-01,Koridor MERR,38.71875,51,0.24081562,0.4314,14.09375,0,32
2026-09-30 12:00:00+00,MR-02,Koridor MERR,31.40625,42,0.25224063,0.4286,18.53125,0,32
2026-09-30 12:00:00+00,MR-03,Koridor MERR,33.46875,44,0.23934375,0.3864,16.125,0,32
2026-09-30 13:00:00+00,AY-01,Koridor A. Yani,38.890907,45,0.13576272,0.2444,7.672727,0,110
2026-09-30 13:00:00+00,AY-02,Koridor A. Yani,46.52727,54,0.13837728,0.2593,6.5272727,0,110
2026-09-30 13:00:00+00,AY-03,Koridor A. Yani,41.1,48,0.14375,0.25,7.6363635,0,110
2026-09-30 13:00:00+00,DR-01,Koridor Darmo - Tunjungan,51.272728,60,0.14545728,0.2667,6.318182,0,110
2026-09-30 13:00:00+00,DR-02,Koridor Darmo - Tunjungan,43.636364,51,0.14438727,0.2549,7.6545453,0,110
2026-09-30 13:00:00+00,DR-03,Koridor Darmo - Tunjungan,40.454544,47,0.1392709,0.2553,7.4727273,0,110
2026-09-30 13:00:00+00,MR-01,Koridor MERR,43.30909,51,0.15080455,0.2549,8.027273,0,110
2026-09-30 13:00:00+00,MR-02,Koridor MERR,35.918182,42,0.14480364,0.2619,9.4,0,110
2026-09-30 13:00:00+00,MR-03,Koridor MERR,37.28182,44,0.15267636,0.2727,9.154546,0,110
2026-09-30 14:00:00+00,AY-01,Koridor A. Yani,40.6,45,0.097773634,0.1778,5.2181816,0,110
2026-09-30 14:00:00+00,AY-02,Koridor A. Yani,48.5,54,0.10185091,0.1852,4.6454544,0,110
2026-09-30 14:00:00+00,AY-03,Koridor A. Yani,43.081818,48,0.10246637,0.1875,5.181818,0,110
2026-09-30 14:00:00+00,DR-01,Koridor Darmo - Tunjungan,53.7,60,0.10499455,0.1833,4.2818184,0,110
2026-09-30 14:00:00+00,DR-02,Koridor Darmo - Tunjungan,45.99091,51,0.09821091,0.1961,5.0272727,0,110
2026-09-30 14:00:00+00,DR-03,Koridor Darmo - Tunjungan,41.68182,47,0.11315727,0.1915,5.909091,0,110
2026-09-30 14:00:00+00,MR-01,Koridor MERR,45.654545,51,0.10480273,0.1961,5.3545456,0,110
2026-09-30 14:00:00+00,MR-02,Koridor MERR,37.70909,42,0.102155454,0.1905,6.3636365,0,110
2026-09-30 14:00:00+00,MR-03,Koridor MERR,39.272728,44,0.107445456,0.1818,6.072727,0,110
2026-09-30 15:00:00+00,AY-01,Koridor A. Yani,40.52727,45,0.09939273,0.1778,5.327273,0,110
2026-09-30 15:00:00+00,AY-02,Koridor A. Yani,48.618183,54,0.09966364,0.1852,4.5363636,0,110
2026-09-30 15:00:00+00,AY-03,Koridor A. Yani,43.418182,48,0.09546,0.1875,4.836364,0,110
2026-09-30 15:00:00+00,DR-01,Koridor Darmo - Tunjungan,53.78182,60,0.103640914,0.1833,4.2909093,0,110
2026-09-30 15:00:00+00,DR-02,Koridor Darmo - Tunjungan,45.581818,51,0.10623818,0.1765,5.418182,0,110
2026-09-30 15:00:00+00,DR-03,Koridor Darmo - Tunjungan,42.381817,47,0.09826091,0.1702,4.990909,0,110
2026-09-30 15:00:00+00,MR-01,Koridor MERR,46.345455,51,0.09125091,0.1765,4.6545453,0,110
2026-09-30 15:00:00+00,MR-02,Koridor MERR,37.68182,42,0.10280455,0.1667,6.4454546,0,110
2026-09-30 15:00:00+00,MR-03,Koridor MERR,39.336365,44,0.105993636,0.1818,5.9363637,0,110
2026-09-30 16:00:00+00,AY-01,Koridor A. Yani,40.395832,45,0.1023125,0.1778,5.46875,0,96
2026-09-30 16:00:00+00,AY-02,Koridor A. Yani,48.625,54,0.09952917,0.1667,4.5625,0,96
2026-09-30 16:00:00+00,AY-03,Koridor A. Yani,43.229168,48,0.09939375,0.1875,5.09375,0,96
2026-09-30 16:00:00+00,DR-01,Koridor Darmo - Tunjungan,53.59375,60,0.10676979,0.1833,4.4166665,0,96
2026-09-30 16:00:00+00,DR-02,Koridor Darmo - Tunjungan,45.854168,51,0.100889586,0.1765,5.1458335,0,96
2026-09-30 16:00:00+00,DR-03,Koridor Darmo - Tunjungan,42.364582,47,0.098628126,0.1702,5.0208335,0,96
2026-09-30 16:00:00+00,MR-01,Koridor MERR,45.8125,51,0.10171146,0.1765,5.1875,0,96
2026-09-30 16:00:00+00,MR-02,Koridor MERR,37.739582,42,0.10142917,0.1905,6.375,0,96
2026-09-30 16:00:00+00,MR-03,Koridor MERR,39.760418,44,0.09635521,0.1818,5.3125,0,96
2026-09-30 17:00:00+00,AY-01,Koridor A. Yani,40.166668,45,0.10741667,0.1556,5.8333335,0,6
2026-09-30 17:00:00+00,AY-02,Koridor A. Yani,48.666668,54,0.09876667,0.1481,4.3333335,0,6
2026-09-30 17:00:00+00,AY-03,Koridor A. Yani,43,48,0.104166664,0.1667,5.3333335,0,6
2026-09-30 17:00:00+00,DR-01,Koridor Darmo - Tunjungan,53.333332,60,0.11111667,0.1667,4.5,0,6
2026-09-30 17:00:00+00,DR-02,Koridor Darmo - Tunjungan,47.333332,51,0.07186667,0.1176,3.6666667,0,6
2026-09-30 17:00:00+00,DR-03,Koridor Darmo - Tunjungan,42.166668,47,0.10283333,0.1489,5.1666665,0,6
2026-09-30 17:00:00+00,MR-01,Koridor MERR,44.333332,51,0.13069999,0.1765,6.6666665,0,6
2026-09-30 17:00:00+00,MR-02,Koridor MERR,36.833332,42,0.12301667,0.1667,7.6666665,0,6
2026-09-30 17:00:00+00,MR-03,Koridor MERR,39.5,44,0.102299996,0.1591,5.6666665,0,6
2026-09-30 18:00:00+00,AY-01,Koridor A. Yani,41,45,0.088866666,0.1333,4.5,0,6
2026-09-30 18:00:00+00,AY-02,Koridor A. Yani,48.833332,54,0.09566667,0.1667,4.5,0,6
2026-09-30 18:00:00+00,AY-03,Koridor A. Yani,43.166668,48,0.10068333,0.1875,5,0,6
2026-09-30 18:00:00+00,DR-01,Koridor Darmo - Tunjungan,54.833332,60,0.086100005,0.15,3.5,0,6
2026-09-30 18:00:00+00,DR-02,Koridor Darmo - Tunjungan,46.5,51,0.08821666,0.1765,4.5,0,6
2026-09-30 18:00:00+00,DR-03,Koridor Darmo - Tunjungan,43.5,47,0.074483335,0.1489,3.6666667,0,6
2026-09-30 18:00:00+00,MR-01,Koridor MERR,45.833332,51,0.1013,0.1373,5.1666665,0,6
2026-09-30 18:00:00+00,MR-02,Koridor MERR,36.5,42,0.13095,0.1667,8.333333,0,6
2026-09-30 18:00:00+00,MR-03,Koridor MERR,39.666668,44,0.0985,0.1364,5.5,0,6
2026-09-30 19:00:00+00,AY-01,Koridor A. Yani,41.333332,45,0.08146667,0.1556,4.3333335,0,6
2026-09-30 19:00:00+00,AY-02,Koridor A. Yani,48.833332,54,0.09566667,0.1667,4.5,0,6
2026-09-30 19:00:00+00,AY-03,Koridor A. Yani,41.833332,48,0.12846667,0.1667,6.6666665,0,6
2026-09-30 19:00:00+00,DR-01,Koridor Darmo - Tunjungan,55.166668,60,0.08056667,0.1667,3.3333333,0,6
2026-09-30 19:00:00+00,DR-02,Koridor Darmo - Tunjungan,45.166668,51,0.11438333,0.1569,5.8333335,0,6
2026-09-30 19:00:00+00,DR-03,Koridor Darmo - Tunjungan,43.333332,47,0.07801667,0.1064,3.6666667,0,6
2026-09-30 19:00:00+00,MR-01,Koridor MERR,46,51,0.098016664,0.1765,5,0,6
2026-09-30 19:00:00+00,MR-02,Koridor MERR,37.666668,42,0.10315,0.1429,6.3333335,0,6
2026-09-30 19:00:00+00,MR-03,Koridor MERR,38.166668,44,0.13256666,0.1818,7.5,0,6
2026-09-30 20:00:00+00,AY-01,Koridor A. Yani,41.2,45,0.08444,0.1556,4.4,0,5
2026-09-30 20:00:00+00,AY-02,Koridor A. Yani,50.6,54,0.06296,0.1111,2.8,0,5
2026-09-30 20:00:00+00,AY-03,Koridor A. Yani,43.2,48,0.1,0.125,4.8,0,5
2026-09-30 20:00:00+00,DR-01,Koridor Darmo - Tunjungan,54.8,60,0.08666,0.1833,3.6,0,5
2026-09-30 20:00:00+00,DR-02,Koridor Darmo - Tunjungan,45,51,0.11764,0.1765,6,0,5
2026-09-30 20:00:00+00,DR-03,Koridor Darmo - Tunjungan,43,47,0.08512,0.1489,4.4,0,5
2026-09-30 20:00:00+00,MR-01,Koridor MERR,45.6,51,0.10586,0.1569,5.4,0,5
2026-09-30 20:00:00+00,MR-02,Koridor MERR,36.8,42,0.1238,0.1905,8,0,5
2026-09-30 20:00:00+00,MR-03,Koridor MERR,40.2,44,0.08638,0.1591,4.6,0,5
2026-09-30 21:00:00+00,AY-01,Koridor A. Yani,40.6,45,0.097780004,0.1111,5.2,0,5
2026-09-30 21:00:00+00,AY-02,Koridor A. Yani,48.6,54,0.1,0.1667,4.6,0,5
2026-09-30 21:00:00+00,AY-03,Koridor A. Yani,43,48,0.104159996,0.1458,5.2,0,5
2026-09-30 21:00:00+00,DR-01,Koridor Darmo - Tunjungan,52.4,60,0.12666,0.1833,5.2,0,5
2026-09-30 21:00:00+00,DR-02,Koridor Darmo - Tunjungan,45.6,51,0.10588,0.1569,5.4,0,5
2026-09-30 21:00:00+00,DR-03,Koridor Darmo - Tunjungan,42.6,47,0.09364,0.2128,4.8,0,5
2026-09-30 21:00:00+00,MR-01,Koridor MERR,44.2,51,0.13334,0.1569,6.8,0,5
2026-09-30 21:00:00+00,MR-02,Koridor MERR,37.4,42,0.109500006,0.1667,6.8,0,5
2026-09-30 21:00:00+00,MR-03,Koridor MERR,39,44,0.113639995,0.1818,6.4,0,5
2026-09-30 22:00:00+00,AY-01,Koridor A. Yani,31.8,45,0.29334,0.4,20.4,0,5
2026-09-30 22:00:00+00,AY-02,Koridor A. Yani,39.6,54,0.26666,0.3889,15.2,0,5
2026-09-30 22:00:00+00,AY-03,Koridor A. Yani,36.2,48,0.24584,0.3542,15.2,0,5
2026-09-30 22:00:00+00,DR-01,Koridor Darmo - Tunjungan,46,60,0.23334001,0.2833,11,0,5
2026-09-30 22:00:00+00,DR-02,Koridor Darmo - Tunjungan,39.6,51,0.22354,0.3137,13,0,5
2026-09-30 22:00:00+00,DR-03,Koridor Darmo - Tunjungan,34.6,47,0.26382,0.3191,16.8,0,5
2026-09-30 22:00:00+00,MR-01,Koridor MERR,37,51,0.27449998,0.3137,16.6,0,5
2026-09-30 22:00:00+00,MR-02,Koridor MERR,32.4,42,0.22858,0.3333,16.2,0,5
2026-09-30 22:00:00+00,MR-03,Koridor MERR,32.6,44,0.2591,0.3636,18.2,0,5
2026-09-30 23:00:00+00,AY-01,Koridor A. Yani,22.166666,45,0.5074,0.6,50.833332,3,6
2026-09-30 23:00:00+00,AY-02,Koridor A. Yani,28.5,54,0.47223336,0.5741,37.166668,2,6
2026-09-30 23:00:00+00,AY-03,Koridor A. Yani,25,48,0.47916666,0.6042,43.5,2,6
2026-09-30 23:00:00+00,DR-01,Koridor Darmo - Tunjungan,30.833334,60,0.48611665,0.65,36.833332,3,6
2026-09-30 23:00:00+00,DR-02,Koridor Darmo - Tunjungan,27.333334,51,0.46405,0.5882,38.833332,2,6
2026-09-30 23:00:00+00,DR-03,Koridor Darmo - Tunjungan,24,47,0.48935002,0.5957,46.833332,3,6
2026-09-30 23:00:00+00,MR-01,Koridor MERR,25.5,51,0.5000167,0.6275,44.833332,3,6
2026-09-30 23:00:00+00,MR-02,Koridor MERR,22.166666,42,0.47221667,0.619,51.333332,2,6
2026-09-30 23:00:00+00,MR-03,Koridor MERR,22.666666,44,0.48486665,0.5455,47,2,6
