"incident_id","source","category","category_label","magnitude","magnitude_label","description","road_from","road_to","length_m","delay_seconds","start_time","end_time","latitude","longitude","first_seen_at","last_seen_at"
tomtom:TTI-bd5d3ca8-0aaa-49a4-96fe-c79e17d4cf64-TTL93282865056018000,tomtom,6,Kemacetan,3,Berat,Stationary traffic,Jalan Airlangga,Jalan Profesor Doktor Moestopo,205.06267,158.0,2026-10-02 12:03:00.000 +0700,2026-10-02 12:23:30.000 +0700,-7.2680192804,112.7564366005,2026-10-02 12:04:49.655 +0700,2026-10-02 12:04:49.655 +0700
tomtom:TTI-bd5d3ca8-0aaa-49a4-96fe-c79e17d4cf64-TTL93259782288010000,tomtom,6,Kemacetan,2,Sedang,Queuing traffic,Romokalisari,Jalan Romo Kalisari,438.10883,103.0,2026-10-02 11:23:30.000 +0700,2026-10-02 11:52:30.000 +0700,-7.2007374411,112.6458866737,2026-10-02 11:33:34.426 +0700,2026-10-02 11:33:34.426 +0700
tomtom:TTI-bd5d3ca8-0aaa-49a4-96fe-c79e17d4cf64-TTL93262667300000000,tomtom,6,Kemacetan,1,Ringan,Slow traffic,exit [3],Kebomas [16],153.56094,36.0,2026-09-29 09:24:00.000 +0700,2026-10-02 11:56:30.000 +0700,-7.2391171203,112.6793043159,2026-09-29 09:26:21.334 +0700,2026-10-02 11:33:34.426 +0700
tomtom:TTI-bd5d3ca8-0aaa-49a4-96fe-c79e17d4cf64-TTL93251123572008000,tomtom,6,Kemacetan,1,Ringan,Slow traffic,exit [28],exit [17],834.9671,57.0,2026-09-29 09:00:30.000 +0700,2026-09-29 09:49:00.000 +0700,-7.3774225421,112.6978933654,2026-09-29 09:02:22.401 +0700,2026-09-29 09:26:21.334 +0700
tomtom:TTI-bd5d3ca8-0aaa-49a4-96fe-c79e17d4cf64-TTL93245352624012000,tomtom,6,Kemacetan,3,Berat,Stationary traffic,Jalan Kalijanten / Jalan Stasiun,Jalan Mastrip Raya,615.2227,503.0,2026-10-02 10:11:30.000 +0700,2026-10-02 12:07:00.000 +0700,-7.3501351186,112.6915003203,2026-10-02 11:39:33.361 +0700,2026-10-02 11:39:33.361 +0700
tomtom:TTI-bd5d3ca8-0aaa-49a4-96fe-c79e17d4cf64-TTL93259780944032000,tomtom,6,Kemacetan,1,Ringan,Slow traffic,exit [6],Dukuh Kupang [10],777.7326,38.0,2026-10-02 11:29:30.000 +0700,2026-10-02 11:45:30.000 +0700,-7.2849399982,112.7062310122,2026-10-02 11:33:34.426 +0700,2026-10-02 11:33:34.426 +0700
tomtom:TTI-bd5d3ca8-0aaa-49a4-96fe-c79e17d4cf64-TTL93291521876003001,tomtom,6,Kemacetan,3,Berat,Stationary traffic,Jalan Lebo Agung Pandan Sari,Jalan Mohammad Noer / Jalan Putro Agung,276.93103,283.0,2026-09-29 08:47:30.000 +0700,2026-09-29 09:20:00.000 +0700,-7.2462571486,112.7720349871,2026-09-29 09:00:11.596 +0700,2026-09-29 09:00:11.596 +0700
tomtom:TTI-bd5d3ca8-0aaa-49a4-96fe-c79e17d4cf64-TTL93285750028027000,tomtom,6,Kemacetan,2,Sedang,Queuing traffic,Jalan Arief Rachman Hakim / Jalan Arief Rahman Hakim,Jalan Semolowaru,460.42722,128.0,2026-09-29 08:19:30.000 +0700,2026-09-29 09:19:00.000 +0700,-7.2966813844,112.7819873236,2026-09-29 09:00:11.596 +0700,2026-09-29 09:00:11.596 +0700
tomtom:TTI-bd5d3ca8-0aaa-49a4-96fe-c79e17d4cf64-TTL93288635820019000,tomtom,6,Kemacetan,3,Berat,Stationary traffic,Jalan Manyar Kerta Adi,Jalan Doktor Insinyur Haji Soekarno / Jalan Raya Kertajaya Indah,270.12265,136.0,2026-09-29 08:28:30.000 +0700,2026-09-29 09:19:00.000 +0700,-7.2803252371,112.7837616049,2026-09-29 09:00:11.596 +0700,2026-09-29 09:00:11.596 +0700
tomtom:TTI-bd5d3ca8-0aaa-49a4-96fe-c79e17d4cf64-TTL93274209088008000,tomtom,6,Kemacetan,1,Ringan,Heavy traffic,Tambak Sarioso,Jalan Tol Surabaya - Gempol,2438.8113,60.0,2026-10-02 11:27:00.000 +0700,2026-10-02 11:53:30.000 +0700,-7.2424095514,112.6905333839,2026-10-02 11:33:34.426 +0700,2026-10-02 11:33:34.426 +0700
tomtom:TTI-bd5d3ca8-0aaa-49a4-96fe-c79e17d4cf64-TTL93259782712038000,tomtom,6,Kemacetan,2,Sedang,Queuing traffic,Jalan Mayor Jenderal Sungkono,Jalan Mayjen Sungkono,466.621,125.0,2026-10-02 11:30:30.000 +0700,2026-10-02 12:04:30.000 +0700,-7.1901815797,112.6317286335,2026-10-02 11:39:33.361 +0700,2026-10-02 11:45:33.230 +0700
tomtom:TTI-bd5d3ca8-0aaa-49a4-96fe-c79e17d4cf64-TTL93259780316010000,tomtom,6,Kemacetan,2,Sedang,Queuing traffic,Jalan Dukuh Menanggal,Jalan Jemursari,54.765347,75.0,2026-09-29 08:46:30.000 +0700,2026-09-29 09:21:00.000 +0700,-7.3264485094,112.7313740395,2026-09-29 09:00:11.596 +0700,2026-09-29 09:02:22.401 +0700
tomtom:TTI-bd5d3ca8-0aaa-49a4-96fe-c79e17d4cf64-TTL93262667760010000,tomtom,6,Kemacetan,2,Sedang,Queuing traffic,Jalan Tambak Osowilangon,Jalan Veteran,575.887,235.0,2026-09-29 08:32:00.000 +0700,2026-09-29 10:00:00.000 +0700,-7.1997932647,112.6484843932,2026-09-29 09:00:11.596 +0700,2026-09-29 09:38:21.489 +0700
tomtom:TTI-bd5d3ca8-0aaa-49a4-96fe-c79e17d4cf64-TTL93262667520010000,tomtom,6,Kemacetan,3,Berat,Stationary traffic,Jalan Terminal Teluk Lamong,Jalan Greges,1717.9178,594.0,2026-09-29 07:42:00.000 +0700,2026-09-29 10:11:00.000 +0700,-7.2222795802,112.6593969606,2026-09-29 09:00:11.596 +0700,2026-09-29 09:38:21.489 +0700
tomtom:TTI-bd5d3ca8-0aaa-49a4-96fe-c79e17d4cf64-TTL93262667448034000,tomtom,6,Kemacetan,3,Berat,Stationary traffic,Jalan Greges,Jalan Terminal Teluk Lamong,1069.117,607.0,2026-09-29 07:38:00.000 +0700,2026-09-29 10:19:00.000 +0700,-7.2285867672,112.6707413636,2026-09-29 09:00:11.596 +0700,2026-09-29 09:38:21.489 +0700
tomtom:TTI-bd5d3ca8-0aaa-49a4-96fe-c79e17d4cf64-TTL93242467328040000,tomtom,6,Kemacetan,2,Sedang,Queuing traffic,Warugunung,exit [742],474.95117,43.0,2026-09-29 06:08:00.000 +0700,2026-09-29 10:30:00.000 +0700,-7.3400567048,112.6776306174,2026-09-29 09:00:11.596 +0700,2026-09-29 09:38:21.489 +0700
tomtom:TTI-bd5d3ca8-0aaa-49a4-96fe-c79e17d4cf64-TTL93242467400008001,tomtom,6,Kemacetan,1,Ringan,Slow traffic,exit [2],exit [735],823.3028,46.0,2026-09-29 09:00:00.000 +0700,2026-09-29 10:04:00.000 +0700,-7.3396302366,112.6801371418,2026-09-29 09:02:22.401 +0700,2026-09-29 09:38:21.489 +0700
tomtom:TTI-bd5d3ca8-0aaa-49a4-96fe-c79e17d4cf64-TTL93265552908026000,tomtom,6,Kemacetan,3,Berat,Stationary traffic,Jalan Kalianak,Jalan Margomulyo,870.032,309.0,2026-09-29 08:53:00.000 +0700,2026-09-29 09:59:00.000 +0700,-7.2295041085,112.6896241151,2026-09-29 09:00:11.596 +0700,2026-09-29 09:38:21.489 +0700
tomtom:TTI-bd5d3ca8-0aaa-49a4-96fe-c79e17d4cf64-TTL93274209252026000,tomtom,6,Kemacetan,3,Berat,Stationary traffic,Jalan Greges,Jalan Ikan Kakap,1274.5848,439.0,2026-09-29 08:52:00.000 +0700,2026-09-29 10:08:00.000 +0700,-7.2294933818,112.7036668204,2026-09-29 09:00:11.596 +0700,2026-09-29 09:38:21.489 +0700
tomtom:TTI-bd5d3ca8-0aaa-49a4-96fe-c79e17d4cf64-TTL93254009072017000,tomtom,6,Kemacetan,2,Sedang,Queuing traffic,AH2,Jalan Jenderal Ahmad Yani,1049.4128,187.0,2026-09-29 08:49:00.000 +0700,2026-09-29 09:57:00.000 +0700,-7.3472865673,112.7166983329,2026-09-29 09:00:11.596 +0700,2026-09-29 09:38:21.489 +0700
tomtom:TTI-bd5d3ca8-0aaa-49a4-96fe-c79e17d4cf64-TTL93256895100010000,tomtom,6,Kemacetan,3,Berat,Stationary traffic,Jalan Kedurus Gang 2,Jalan Prabu Siliwangi,243.02232,221.0,2026-09-29 08:58:30.000 +0700,2026-09-29 09:27:00.000 +0700,-7.3157652391,112.7096347354,2026-09-29 09:00:11.596 +0700,2026-09-29 09:08:21.647 +0700
tomtom:TTI-bd5d3ca8-0aaa-49a4-96fe-c79e17d4cf64-TTL93254008968018000,tomtom,6,Kemacetan,3,Berat,Stationary traffic,Jalan Brigadir Jenderal Katamso,Jalan Letnan Jenderal Sutoyo,483.1801,183.0,2026-09-29 09:23:30.000 +0700,2026-09-29 09:57:00.000 +0700,-7.3510872918,112.7292685054,2026-09-29 09:26:21.334 +0700,2026-09-29 09:38:21.489 +0700
tomtom:TTI-bd5d3ca8-0aaa-49a4-96fe-c79e17d4cf64-TTL93271322796010001,tomtom,6,Kemacetan,3,Berat,Stationary traffic,Jalan Ciliwung,Jalan Raya Darmo,227.60947,170.0,2026-09-29 08:47:30.000 +0700,2026-09-29 09:57:00.000 +0700,-7.293520381,112.7379441105,2026-09-29 09:00:11.596 +0700,2026-09-29 09:38:21.489 +0700
tomtom:TTI-bd5d3ca8-0aaa-49a4-96fe-c79e17d4cf64-TTL93271323312104000,tomtom,6,Kemacetan,1,Ringan,Heavy traffic,Banyu Urip [6],Gresik [04],1784.9554,31.0,2026-09-29 08:58:30.000 +0700,2026-09-29 09:36:00.000 +0700,-7.2629029721,112.7092914127,2026-09-29 09:00:11.596 +0700,2026-09-29 09:20:21.014 +0700
tomtom:TTI-bd5d3ca8-0aaa-49a4-96fe-c79e17d4cf64-TTL93265552836018000,tomtom,6,Kemacetan,3,Berat,Stationary traffic,Jalan Tambak Osowilangon,Jalan Kalianak,628.22174,201.0,2026-09-29 09:10:30.000 +0700,2026-09-29 09:46:00.000 +0700,-7.2296502908,112.6787048422,2026-09-29 09:14:21.034 +0700,2026-09-29 09:26:21.334 +0700
tomtom:TTI-bd5d3ca8-0aaa-49a4-96fe-c79e17d4cf64-TTL93254009652018000,tomtom,6,Kemacetan,3,Berat,Stationary traffic,Jalan Wiyung,Jalan Keramat 2,316.97012,162.0,2026-09-29 09:17:00.000 +0700,2026-09-29 09:45:00.000 +0700,-7.3136611275,112.6980180882,2026-09-29 09:20:21.014 +0700,2026-09-29 09:26:21.334 +0700
tomtom:TTI-bd5d3ca8-0aaa-49a4-96fe-c79e17d4cf64-TTL93256895132008000,tomtom,6,Kemacetan,2,Sedang,Queuing traffic,Dukuh Kupang [10],Gunung Sari [12],512.1063,60.0,2026-10-02 11:35:30.000 +0700,2026-10-02 11:50:00.000 +0700,-7.3067114778,112.7016430937,2026-10-02 11:39:33.361 +0700,2026-10-02 11:39:33.361 +0700
tomtom:TTI-bd5d3ca8-0aaa-49a4-96fe-c79e17d4cf64-TTL93239581640017000,tomtom,6,Kemacetan,3,Berat,Stationary traffic,"Gempol""",Jalan Jenderal Sudirman,2288.277,823.0,2026-10-02 11:21:00.000 +0700,2026-10-02 12:45:30.000 +0700,-7.350180674,112.7077343903,2026-10-02 11:39:33.361 +0700,2026-10-02 12:04:49.655 +0700
tomtom:TTI-bd5d3ca8-0aaa-49a4-96fe-c79e17d4cf64-TTL93274208356018001,tomtom,6,Kemacetan,3,Berat,Stationary traffic,Jalan Mojopahit,Jalan Dokter Soetomo,157.1235,186.0,2026-09-29 09:01:30.000 +0700,2026-09-29 09:27:00.000 +0700,-7.2828076393,112.7401850961,2026-09-29 09:08:21.647 +0700,2026-09-29 09:08:21.647 +0700
tomtom:TTI-bd5d3ca8-0aaa-49a4-96fe-c79e17d4cf64-TTL93282864880011000,tomtom,6,Kemacetan,3,Berat,Stationary traffic,Jalan Manyar Kertoarjo 2,Jalan Raya Menur / Jalan Kertajaya,311.16956,216.0,2026-09-29 08:33:30.000 +0700,2026-09-29 09:27:00.000 +0700,-7.2798920604,112.7655011259,2026-09-29 09:00:11.596 +0700,2026-09-29 09:08:21.647 +0700
tomtom:TTI-bd5d3ca8-0aaa-49a4-96fe-c79e17d4cf64-TTL93254009260016000,tomtom,6,Kemacetan,2,Sedang,Queuing traffic,Jalan Tol Surabaya - Gempol,Jalan Tol Surabaya - Mojokerto,213.28767,30.0,2026-10-02 11:32:00.000 +0700,2026-10-02 11:45:30.000 +0700,-7.3389931937,112.713145747,2026-10-02 11:33:34.426 +0700,2026-10-02 11:33:34.426 +0700
tomtom:TTI-bd5d3ca8-0aaa-49a4-96fe-c79e17d4cf64-TTL93251123572032000,tomtom,6,Kemacetan,1,Ringan,Heavy traffic,exit [17],Gunung Sari [12],4939.6216,93.0,2026-10-02 11:22:00.000 +0700,2026-10-02 11:50:30.000 +0700,-7.3502893253,112.7099163674,2026-10-02 11:33:34.426 +0700,2026-10-02 11:33:34.426 +0700
tomtom:TTI-bd5d3ca8-0aaa-49a4-96fe-c79e17d4cf64-TTL93271322796010000,tomtom,6,Kemacetan,2,Sedang,Queuing traffic,Jalan Ciliwung,Jalan Raya Darmo,227.60947,110.0,2026-10-02 11:13:30.000 +0700,2026-10-02 11:52:30.000 +0700,-7.2936518266,112.7380098246,2026-10-02 11:33:34.426 +0700,2026-10-02 11:33:34.426 +0700
tomtom:TTI-bd5d3ca8-0aaa-49a4-96fe-c79e17d4cf64-TTL93256895364176000,tomtom,6,Kemacetan,1,Ringan,Heavy traffic,Gunung Sari [12],Banyu Urip [6],4263.8926,72.0,2026-09-29 09:25:30.000 +0700,2026-09-29 09:42:00.000 +0700,-7.3101353527,112.7118824266,2026-09-29 09:32:21.049 +0700,2026-09-29 09:32:21.049 +0700
tomtom:TTI-bd5d3ca8-0aaa-49a4-96fe-c79e17d4cf64-TTL93245352628020000,tomtom,6,Kemacetan,2,Sedang,Queuing traffic,Jalan Kalijanten / Jalan Stasiun,Jalan Mastrip Raya,394.36057,135.0,2026-09-29 09:08:00.000 +0700,2026-09-29 09:39:00.000 +0700,-7.3467421433,112.69156067,2026-09-29 09:14:21.034 +0700,2026-09-29 09:20:21.014 +0700
tomtom:TTI-bd5d3ca8-0aaa-49a4-96fe-c79e17d4cf64-TTL93265552228026000,tomtom,6,Kemacetan,3,Berat,Stationary traffic,Jalan Simo Jawar / Jalan Simo Magersari,Simomulyo Baru,296.84155,200.0,2026-09-29 09:18:00.000 +0700,2026-09-29 09:39:00.000 +0700,-7.265425547,112.707087978,2026-09-29 09:20:21.014 +0700,2026-09-29 09:20:21.014 +0700
tomtom:TTI-bd5d3ca8-0aaa-49a4-96fe-c79e17d4cf64-TTL93256895084112000,tomtom,6,Kemacetan,1,Ringan,Heavy traffic,exit [17],Gunung Sari [12],1207.9597,34.0,2026-09-29 09:15:30.000 +0700,2026-09-29 09:42:00.000 +0700,-7.3155547369,112.7166460298,2026-09-29 09:20:21.014 +0700,2026-09-29 09:20:21.014 +0700
tomtom:TTI-bd5d3ca8-0aaa-49a4-96fe-c79e17d4cf64-TTL93251123540018000,tomtom,6,Kemacetan,1,Ringan,Slow traffic,Jalan Masuk Terminal,Jalan Raya Kedung Turi,826.17267,143.0,2026-09-29 09:05:00.000 +0700,2026-09-29 09:39:00.000 +0700,-7.3536353884,112.722436919,2026-09-29 09:08:21.647 +0700,2026-09-29 09:20:21.014 +0700
tomtom:TTI-bd5d3ca8-0aaa-49a4-96fe-c79e17d4cf64-TTL93277094704008000,tomtom,6,Kemacetan,1,Ringan,Slow traffic,Gresik [04],Perak Barat,2269.903,98.0,2026-09-29 09:25:30.000 +0700,2026-09-29 09:42:00.000 +0700,-7.2426294839,112.7114572964,2026-09-29 09:32:21.049 +0700,2026-09-29 09:32:21.049 +0700
tomtom:TTI-bd5d3ca8-0aaa-49a4-96fe-c79e17d4cf64-TTL93254008752018000,tomtom,6,Kemacetan,2,Sedang,Queuing traffic,Jalan Aryo Bebangah,Jalan Raya Bungurasih,1041.6117,165.0,2026-09-29 09:07:30.000 +0700,2026-09-29 09:51:00.000 +0700,-7.3686570731,112.7290458821,2026-09-29 09:32:21.049 +0700,2026-09-29 09:32:21.049 +0700
tomtom:TTI-bd5d3ca8-0aaa-49a4-96fe-c79e17d4cf64-TTL93245352480012000,tomtom,6,Kemacetan,2,Sedang,Queuing traffic,Jalan Raya Geluran,Jalan Ngelom Raya / Jalan Stasiun,1211.1082,317.0,2026-09-29 09:02:30.000 +0700,2026-09-29 10:03:00.000 +0700,-7.3536072075,112.6915177546,2026-09-29 09:08:21.647 +0700,2026-09-29 09:38:21.489 +0700
tomtom:TTI-bd5d3ca8-0aaa-49a4-96fe-c79e17d4cf64-TTL93274209216015000,tomtom,6,Kemacetan,3,Berat,Stationary traffic,Jalan Genting Tambak Dalam,Genting Kalianak,912.26416,1617.0,2026-09-29 09:10:00.000 +0700,2026-09-29 11:16:00.000 +0700,-7.2305595641,112.7042099677,2026-09-29 09:14:21.034 +0700,2026-09-29 09:38:21.489 +0700
tomtom:TTI-bd5d3ca8-0aaa-49a4-96fe-c79e17d4cf64-TTL93256895100010001,tomtom,6,Kemacetan,3,Berat,Stationary traffic,Jalan Kedurus 3 SD,Jalan Prabu Siliwangi,783.98865,463.0,2026-09-29 09:16:00.000 +0700,2026-09-29 09:57:00.000 +0700,-7.3160764197,112.7097004495,2026-09-29 09:20:21.014 +0700,2026-09-29 09:38:21.489 +0700
tomtom:TTI-bd5d3ca8-0aaa-49a4-96fe-c79e17d4cf64-TTL93254008932010000,tomtom,6,Kemacetan,1,Ringan,Slow traffic,Jalan Raya Kedung Turi,Jalan Yos Sudarso,622.5154,143.0,2026-09-29 09:02:30.000 +0700,2026-09-29 09:57:00.000 +0700,-7.3514654505,112.714236065,2026-09-29 09:08:21.647 +0700,2026-09-29 09:38:21.489 +0700
tomtom:TTI-bd5d3ca8-0aaa-49a4-96fe-c79e17d4cf64-TTL93274209328034000,tomtom,6,Kemacetan,2,Sedang,Queuing traffic,Jalan Gresik Gadukan Utara,Jalan Greges,1866.1064,548.0,2026-09-29 09:09:30.000 +0700,2026-09-29 10:12:00.000 +0700,-7.2308948348,112.7139369987,2026-09-29 09:14:21.034 +0700,2026-09-29 09:38:21.489 +0700
tomtom:TTI-bd5d3ca8-0aaa-49a4-96fe-c79e17d4cf64-TTL93274209160016000,tomtom,6,Kemacetan,1,Ringan,Heavy traffic,Pasar Turi [04],exit [6],6431.9272,215.0,2026-09-29 09:11:00.000 +0700,2026-09-29 10:04:00.000 +0700,-7.24112072,112.7127823077,2026-09-29 09:14:21.034 +0700,2026-09-29 09:38:21.489 +0700
tomtom:TTI-bd5d3ca8-0aaa-49a4-96fe-c79e17d4cf64-TTR93282865140050000,tomtom,8,Jalan ditutup,4,Tidak terdefinisi,Closed,Jalan Pacar Keling / Jalan Kedung Sroko,Jalan Dharmawangsa / Jalan Profesor Doktor Moestopo,620.40173,,2026-08-28 14:23:00.000 +0700,,-7.2606324846,112.7588304721,2026-09-29 09:00:11.596 +0700,2026-09-29 09:38:21.489 +0700
tomtom:TTI-bd5d3ca8-0aaa-49a4-96fe-c79e17d4cf64-TTL93291521872019000,tomtom,6,Kemacetan,3,Berat,Stationary traffic,Jalan Lebo Agung Pandan Sari,Jalan Mohammad Noer / Jalan Putro Agung,255.8463,237.0,2026-09-29 09:25:00.000 +0700,2026-09-29 09:59:00.000 +0700,-7.2461351681,112.7716058336,2026-09-29 09:26:21.334 +0700,2026-09-29 09:38:21.489 +0700
tomtom:TTI-bd5d3ca8-0aaa-49a4-96fe-c79e17d4cf64-TTL93282864880019000,tomtom,6,Kemacetan,3,Berat,Stationary traffic,Jalan Manyar Kertoarjo 1,Jalan Raya Menur / Jalan Kertajaya,151.36633,159.0,2026-09-29 09:22:00.000 +0700,2026-09-29 09:51:00.000 +0700,-7.2797043227,112.7640661441,2026-09-29 09:26:21.334 +0700,2026-09-29 09:32:21.049 +0700
tomtom:TTI-bd5d3ca8-0aaa-49a4-96fe-c79e17d4cf64-TTL93271323672015000,tomtom,6,Kemacetan,3,Berat,Stationary traffic,Jalan Kalianak,Jalan Genting Tambak Dalam,194.4895,176.0,2026-09-29 09:35:00.000 +0700,2026-09-29 09:57:00.000 +0700,-7.2338251164,112.7039913676,2026-09-29 09:38:21.489 +0700,2026-09-29 09:38:21.489 +0700
tomtom:TTI-bd5d3ca8-0aaa-49a4-96fe-c79e17d4cf64-TTL93291521876011000,tomtom,6,Kemacetan,3,Berat,Stationary traffic,Jalan Lebo Agung Pandan Sari,Jalan Mohammad Noer / Jalan Putro Agung,308.5931,136.0,2026-10-02 10:44:30.000 +0700,2026-10-02 11:58:00.000 +0700,-7.2462571486,112.7720349871,2026-10-02 11:39:33.361 +0700,2026-10-02 11:39:33.361 +0700
tomtom:TTI-bd5d3ca8-0aaa-49a4-96fe-c79e17d4cf64-TTL93262667944011000,tomtom,6,Kemacetan,3,Berat,Stationary traffic,Jalan Mayor Jenderal Sungkono 12,Jalan Veteran,683.872,544.0,2026-10-02 11:05:30.000 +0700,2026-10-02 12:37:30.000 +0700,-7.1914368765,112.6429590426,2026-10-02 11:39:33.361 +0700,2026-10-02 12:04:49.655 +0700
tomtom:TTI-bd5d3ca8-0aaa-49a4-96fe-c79e17d4cf64-TTL93259782280018000,tomtom,6,Kemacetan,3,Berat,Stationary traffic,Tambak Oso Wilangon,Jalan Tol Surabaya - Gresik,456.13364,160.0,2026-10-02 11:37:30.000 +0700,2026-10-02 12:23:30.000 +0700,-7.2164283278,112.6543772064,2026-10-02 11:39:33.361 +0700,2026-10-02 12:04:49.655 +0700
tomtom:TTI-bd5d3ca8-0aaa-49a4-96fe-c79e17d4cf64-TTL93242467328008000,tomtom,6,Kemacetan,3,Berat,Stationary traffic,Warugunung,exit [742],574.9872,124.0,2026-10-02 06:45:30.000 +0700,2026-10-02 15:01:30.000 +0700,-7.340992772,112.6741289936,2026-10-02 11:39:33.361 +0700,2026-10-02 12:04:49.655 +0700
tomtom:TTI-bd5d3ca8-0aaa-49a4-96fe-c79e17d4cf64-TTL93254009260088003,tomtom,6,Kemacetan,1,Ringan,Slow traffic,Jambangan [15],Waru [17],1311.8303,49.0,2026-10-02 11:29:30.000 +0700,2026-10-02 12:01:00.000 +0700,-7.3273926693,112.7152593277,2026-10-02 11:39:33.361 +0700,2026-10-02 11:39:33.361 +0700
tomtom:TTI-bd5d3ca8-0aaa-49a4-96fe-c79e17d4cf64-TTL93256894804048000,tomtom,6,Kemacetan,1,Ringan,Heavy traffic,exit [17],Gunung Sari [12],3462.2202,48.0,2026-10-02 11:22:00.000 +0700,2026-10-02 11:57:00.000 +0700,-7.3511798156,112.7097393416,2026-10-02 11:39:33.361 +0700,2026-10-02 11:39:33.361 +0700
tomtom:TTI-bd5d3ca8-0aaa-49a4-96fe-c79e17d4cf64-TTL93265552836018001,tomtom,6,Kemacetan,3,Berat,Stationary traffic,Jalan Tambak Osowilangon,Jalan Kalianak,444.26007,134.0,2026-10-02 11:40:30.000 +0700,2026-10-02 12:23:30.000 +0700,-7.2296462163,112.6790307305,2026-10-02 11:45:33.230 +0700,2026-10-02 12:04:49.655 +0700
tomtom:TTI-bd5d3ca8-0aaa-49a4-96fe-c79e17d4cf64-TTL93242467400024000,tomtom,6,Kemacetan,1,Ringan,Slow traffic,exit [2],exit [735],922.8964,32.0,2026-10-02 10:47:30.000 +0700,2026-10-02 12:17:30.000 +0700,-7.3391622018,112.6821863495,2026-10-02 11:39:33.361 +0700,2026-10-02 12:04:49.655 +0700
tomtom:TTI-bd5d3ca8-0aaa-49a4-96fe-c79e17d4cf64-TTL93262667912018000,tomtom,6,Kemacetan,3,Berat,Stationary traffic,Jalan Tambak Osowilangon,Jalan Tol Surabaya - Gresik,1093.5687,587.0,2026-10-02 11:06:00.000 +0700,2026-10-02 12:19:30.000 +0700,-7.2064787134,112.6508098684,2026-10-02 11:39:33.361 +0700,2026-10-02 11:45:33.230 +0700
tomtom:TTI-bd5d3ca8-0aaa-49a4-96fe-c79e17d4cf64-TTL93251123428032000,tomtom,6,Kemacetan,1,Ringan,Slow traffic,exit [28],exit [17],1142.2025,59.0,2026-10-02 11:44:30.000 +0700,2026-10-02 11:57:30.000 +0700,-7.3596395513,112.7072784148,2026-10-02 11:45:33.230 +0700,2026-10-02 11:45:33.230 +0700
tomtom:TTI-bd5d3ca8-0aaa-49a4-96fe-c79e17d4cf64-TTL93262667976018000,tomtom,6,Kemacetan,1,Ringan,Slow traffic,Jalan Veteran Tama,Romokalisari,889.03937,132.0,2026-10-02 11:31:30.000 +0700,2026-10-02 12:12:30.000 +0700,-7.1891381713,112.6468992076,2026-10-02 11:39:33.361 +0700,2026-10-02 11:52:51.079 +0700
tomtom:TTI-bd5d3ca8-0aaa-49a4-96fe-c79e17d4cf64-TTL93262667912018001,tomtom,6,Kemacetan,3,Berat,Stationary traffic,Jalan Tol Surabaya - Gresik,Jalan Veteran,1570.9471,655.0,2026-10-02 11:41:00.000 +0700,2026-10-02 12:29:30.000 +0700,-7.1954252796,112.6450136147,2026-10-02 11:45:33.230 +0700,2026-10-02 11:52:51.079 +0700
tomtom:TTI-bd5d3ca8-0aaa-49a4-96fe-c79e17d4cf64-TTL93262667076039001,tomtom,6,Kemacetan,1,Ringan,Slow traffic,Jalan Margomulyo,Tambak Sarioso,440.75824,145.0,2026-10-02 11:20:00.000 +0700,2026-10-02 12:17:30.000 +0700,-7.244174413,112.6824585937,2026-10-02 11:39:33.361 +0700,2026-10-02 11:58:49.901 +0700
tomtom:TTI-bd5d3ca8-0aaa-49a4-96fe-c79e17d4cf64-TTL93262667684026000,tomtom,6,Kemacetan,3,Berat,Stationary traffic,Jalan Veteran,Jalan Terminal Teluk Lamong,678.1692,194.0,2026-10-02 11:46:30.000 +0700,2026-10-02 12:23:30.000 +0700,-7.2086351331,112.6517017029,2026-10-02 11:52:51.079 +0700,2026-10-02 12:04:49.655 +0700
tomtom:TTI-bd5d3ca8-0aaa-49a4-96fe-c79e17d4cf64-TTL93262667228008001,tomtom,6,Kemacetan,1,Ringan,Slow traffic,Tambak Sarioso,Tambak Sarioso,1116.8633,69.0,2026-10-02 11:47:30.000 +0700,2026-10-02 12:19:30.000 +0700,-7.2362646196,112.6727261983,2026-10-02 11:52:51.079 +0700,2026-10-02 12:04:49.655 +0700
tomtom:TTI-bd5d3ca8-0aaa-49a4-96fe-c79e17d4cf64-TTL93274208328011000,tomtom,6,Kemacetan,2,Sedang,Queuing traffic,Jalan Ngagel Jaya Selatan,Jalan Ngagel,507.11972,178.0,2026-10-02 11:23:00.000 +0700,2026-10-02 12:04:30.000 +0700,-7.2922409248,112.7495688043,2026-10-02 11:39:33.361 +0700,2026-10-02 11:45:33.230 +0700
tomtom:TTI-bd5d3ca8-0aaa-49a4-96fe-c79e17d4cf64-TTL93259781104035000,tomtom,6,Kemacetan,2,Sedang,Queuing traffic,Jalan Underpass Bunderan Satelit,Jalan Pradah kali Kendal 2,861.9276,189.0,2026-10-02 11:47:30.000 +0700,2026-10-02 12:23:30.000 +0700,-7.2866284515,112.7013842605,2026-10-02 11:52:51.079 +0700,2026-10-02 12:04:49.655 +0700
tomtom:TTI-bd5d3ca8-0aaa-49a4-96fe-c79e17d4cf64-TTL93271323744015001,tomtom,6,Kemacetan,3,Berat,Stationary traffic,Jalan Genting Tambak Dalam,Genting Kalianak,618.44055,963.0,2026-10-02 09:27:30.000 +0700,2026-10-02 12:55:30.000 +0700,-7.2338251164,112.7039913676,2026-10-02 11:39:33.361 +0700,2026-10-02 12:04:49.655 +0700
tomtom:TTI-bd5d3ca8-0aaa-49a4-96fe-c79e17d4cf64-TTL93274209256018000,tomtom,6,Kemacetan,3,Berat,Stationary traffic,Jalan Margomulyo,Jalan Gresik / Jalan Pintu Air,1456.5338,522.0,2026-10-02 09:02:00.000 +0700,2026-10-02 12:27:30.000 +0700,-7.2294973731,112.6930010162,2026-10-02 11:39:33.361 +0700,2026-10-02 12:04:49.655 +0700
tomtom:TTI-bd5d3ca8-0aaa-49a4-96fe-c79e17d4cf64-TTL93285750240011000,tomtom,6,Kemacetan,3,Berat,Stationary traffic,Jalan Arief Rahman Hakim,Jalan Raya Kertajaya Indah,487.06815,209.0,2026-10-02 11:01:00.000 +0700,2026-10-02 12:04:30.000 +0700,-7.2857567056,112.7808071516,2026-10-02 11:39:33.361 +0700,2026-10-02 11:45:33.230 +0700
tomtom:TTI-bd5d3ca8-0aaa-49a4-96fe-c79e17d4cf64-TTL93288635928020000,tomtom,6,Kemacetan,2,Sedang,Queuing traffic,Jalan Kertajaya Indah Timur 12,Jalan Kertajaya Indah / Jalan Raya Kertajaya Indah,261.62024,129.0,2026-10-02 10:21:30.000 +0700,2026-10-02 12:05:30.000 +0700,-7.2781298333,112.7809600376,2026-10-02 11:39:33.361 +0700,2026-10-02 11:45:33.230 +0700
tomtom:TTI-bd5d3ca8-0aaa-49a4-96fe-c79e17d4cf64-TTL93277094700032000,tomtom,6,Kemacetan,1,Ringan,Slow traffic,Gresik [04],Morokrembangan,767.50073,29.0,2026-10-02 11:42:30.000 +0700,2026-10-02 12:16:30.000 +0700,-7.2378833256,112.7150273166,2026-10-02 11:45:33.230 +0700,2026-10-02 12:04:49.655 +0700
tomtom:TTI-bd5d3ca8-0aaa-49a4-96fe-c79e17d4cf64-TTL93265552244010000,tomtom,6,Kemacetan,3,Berat,Stationary traffic,Jalan Simo Jawar,Jalan Tol Surabaya - Gempol,52.274345,63.0,2026-10-02 11:43:30.000 +0700,2026-10-02 12:11:30.000 +0700,-7.2661926518,112.7067111276,2026-10-02 11:45:33.230 +0700,2026-10-02 11:52:51.079 +0700
tomtom:TTI-bd5d3ca8-0aaa-49a4-96fe-c79e17d4cf64-TTL93251123428088000,tomtom,6,Kemacetan,1,Ringan,Heavy traffic,exit [28],exit [17],1146.0146,34.0,2026-10-02 11:48:00.000 +0700,2026-10-02 11:57:30.000 +0700,-7.3573422061,112.7081850014,2026-10-02 11:52:51.079 +0700,2026-10-02 11:52:51.079 +0700
tomtom:TTI-bd5d3ca8-0aaa-49a4-96fe-c79e17d4cf64-TTL93265552228018000,tomtom,6,Kemacetan,3,Berat,Stationary traffic,Jalan Simo Jawar / Jalan Simo Magersari,Simomulyo Baru,411.55896,169.0,2026-10-02 11:45:30.000 +0700,2026-10-02 12:17:30.000 +0700,-7.2658506725,112.7070316516,2026-10-02 11:52:51.079 +0700,2026-10-02 11:58:49.901 +0700
tomtom:TTI-bd5d3ca8-0aaa-49a4-96fe-c79e17d4cf64-TTL93291521804018000,tomtom,6,Kemacetan,3,Berat,Stationary traffic,Gang 1,Jalan Mohammad Noer,205.37042,141.0,2026-10-02 11:48:30.000 +0700,2026-10-02 12:11:30.000 +0700,-7.2447511408,112.7670702182,2026-10-02 11:52:51.079 +0700,2026-10-02 11:52:51.079 +0700
tomtom:TTI-bd5d3ca8-0aaa-49a4-96fe-c79e17d4cf64-TTL93259782420090000,tomtom,6,Kemacetan,3,Berat,Stationary traffic,Jalan Tambak Osowilangon,Jalan Tol Surabaya - Gresik,841.7806,556.0,2026-10-02 11:41:00.000 +0700,2026-10-02 12:26:30.000 +0700,-7.2047835567,112.6502197824,2026-10-02 11:58:49.901 +0700,2026-10-02 12:04:49.655 +0700
tomtom:TTI-bd5d3ca8-0aaa-49a4-96fe-c79e17d4cf64-TTL93251123576024000,tomtom,6,Kemacetan,1,Ringan,Heavy traffic,exit [17],Gunung Sari [12],1383.4554,25.0,2026-10-02 11:48:00.000 +0700,2026-10-02 12:15:30.000 +0700,-7.3458328564,112.7109221957,2026-10-02 11:52:51.079 +0700,2026-10-02 11:58:49.901 +0700
tomtom:TTI-bd5d3ca8-0aaa-49a4-96fe-c79e17d4cf64-TTL93256894804024000,tomtom,6,Kemacetan,1,Ringan,Heavy traffic,exit [17],Gunung Sari [12],3589.1921,60.0,2026-10-02 11:50:30.000 +0700,2026-10-02 12:15:30.000 +0700,-7.3206723557,112.7166017733,2026-10-02 11:52:51.079 +0700,2026-10-02 11:58:49.901 +0700
tomtom:TTI-bd5d3ca8-0aaa-49a4-96fe-c79e17d4cf64-TTL93279980436023000,tomtom,6,Kemacetan,3,Berat,Stationary traffic,Perak Barat,Jalan Teluk Langsa,202.0578,200.0,2026-10-02 11:40:30.000 +0700,2026-10-02 12:17:30.000 +0700,-7.2234463125,112.7217207692,2026-10-02 11:45:33.230 +0700,2026-10-02 11:58:49.901 +0700
tomtom:TTI-bd5d3ca8-0aaa-49a4-96fe-c79e17d4cf64-TTL93282865584020000,tomtom,6,Kemacetan,3,Berat,Stationary traffic,Jalan Waspada,Jalan Kebon Rojo,113.9242,221.0,2026-10-02 11:31:30.000 +0700,2026-10-02 12:17:30.000 +0700,-7.2422338548,112.7425923787,2026-10-02 11:39:33.361 +0700,2026-10-02 11:58:49.901 +0700
tomtom:TTI-bd5d3ca8-0aaa-49a4-96fe-c79e17d4cf64-TTL93288635816027000,tomtom,6,Kemacetan,2,Sedang,Queuing traffic,Jalan Manyar Kerta Adi,Jalan Doktor Insinyur Haji Soekarno / Jalan Raya Kertajaya Indah,314.9618,138.0,2026-10-02 11:35:00.000 +0700,2026-10-02 12:17:30.000 +0700,-7.2803252371,112.7837616049,2026-10-02 11:39:33.361 +0700,2026-10-02 11:58:49.901 +0700
tomtom:TTI-bd5d3ca8-0aaa-49a4-96fe-c79e17d4cf64-TTL93256895136002000,tomtom,6,Kemacetan,3,Berat,Stationary traffic,Gunung Sari [12],Jalan Prabu Siliwangi,261.1459,742.0,2026-10-02 11:43:00.000 +0700,2026-10-02 12:51:30.000 +0700,-7.307473191,112.7079838358,2026-10-02 11:45:33.230 +0700,2026-10-02 12:04:49.655 +0700
tomtom:TTI-bd5d3ca8-0aaa-49a4-96fe-c79e17d4cf64-TTL93256895084018000,tomtom,6,Kemacetan,3,Berat,Stationary traffic,Jalan Kedurus 3 SD,Jalan Prabu Siliwangi,1011.50134,482.0,2026-10-02 09:03:30.000 +0700,2026-10-02 12:36:30.000 +0700,-7.3161662904,112.7097031317,2026-10-02 11:39:33.361 +0700,2026-10-02 12:04:49.655 +0700
tomtom:TTI-bd5d3ca8-0aaa-49a4-96fe-c79e17d4cf64-TTL93251123680016000,tomtom,6,Kemacetan,2,Sedang,Queuing traffic,exit [1],Jalan Tol Surabaya - Gempol,210.6379,40.0,2026-10-02 11:40:00.000 +0700,2026-10-02 12:25:30.000 +0700,-7.3465073815,112.7130250476,2026-10-02 11:45:33.230 +0700,2026-10-02 12:04:49.655 +0700
tomtom:TTI-bd5d3ca8-0aaa-49a4-96fe-c79e17d4cf64-TTL93262666140010000,tomtom,6,Kemacetan,3,Berat,Stationary traffic,Jalan Hayam Wuruk,Jalan Raya Mastrip / Jalan Raya Menganti,1091.9579,612.0,2026-10-02 10:34:00.000 +0700,2026-10-02 12:31:30.000 +0700,-7.3075027051,112.7178262017,2026-10-02 11:39:33.361 +0700,2026-10-02 12:04:49.655 +0700
tomtom:TTI-bd5d3ca8-0aaa-49a4-96fe-c79e17d4cf64-TTL93277094468010000,tomtom,6,Kemacetan,2,Sedang,Queuing traffic,Jalan Rembang,Jalan Dupak,232.69646,152.0,2026-10-02 10:32:00.000 +0700,2026-10-02 12:23:30.000 +0700,-7.2425879088,112.7208155237,2026-10-02 11:39:33.361 +0700,2026-10-02 12:04:49.655 +0700
tomtom:TTI-bd5d3ca8-0aaa-49a4-96fe-c79e17d4cf64-TTL93277094800122000,tomtom,6,Kemacetan,3,Berat,Stationary traffic,Jalan Ikan Dorang,Jalan Greges,2084.136,978.0,2026-10-02 09:10:00.000 +0700,2026-10-02 12:49:30.000 +0700,-7.232667724,112.7224060736,2026-10-02 11:39:33.361 +0700,2026-10-02 12:04:49.655 +0700
tomtom:TTI-bd5d3ca8-0aaa-49a4-96fe-c79e17d4cf64-TTR93277094136012000,tomtom,8,Jalan ditutup,4,Tidak terdefinisi,Closed,Jalan Kedungsari,Jalan Basuki Rahmat,104.81703,,2026-09-18 05:25:30.000 +0700,,-7.2657890614,112.7400925599,2026-09-29 09:00:11.596 +0700,2026-10-02 12:04:49.655 +0700
tomtom:TTI-bd5d3ca8-0aaa-49a4-96fe-c79e17d4cf64-TTL93265551320018000,tomtom,6,Kemacetan,2,Sedang,Queuing traffic,Jalan Rungkut Industri Raya / Jalan Rungkut Industri 3,Jalan Raya Kendangsari,421.98978,120.0,2026-10-02 11:40:30.000 +0700,2026-10-02 12:23:30.000 +0700,-7.3294646264,112.750244721,2026-10-02 11:45:33.230 +0700,2026-10-02 12:04:49.655 +0700
tomtom:TTI-bd5d3ca8-0aaa-49a4-96fe-c79e17d4cf64-TTL93279979408018000,tomtom,6,Kemacetan,2,Sedang,Queuing traffic,Jalan Kertajaya 10,Jalan Sulawesi,512.52405,128.0,2026-10-02 11:34:00.000 +0700,2026-10-02 12:23:30.000 +0700,-7.2789412319,112.7591308795,2026-10-02 11:39:33.361 +0700,2026-10-02 12:04:49.655 +0700
tomtom:TTI-bd5d3ca8-0aaa-49a4-96fe-c79e17d4cf64-TTL93271322196034000,tomtom,6,Kemacetan,3,Berat,Stationary traffic,Jalan Rungkut Industri Raya,Jalan Raya Rungkut Kidul / Jalan Rungkut Tengah,403.29227,175.0,2026-10-02 11:35:30.000 +0700,2026-10-02 12:23:30.000 +0700,-7.3309063364,112.765078678,2026-10-02 11:39:33.361 +0700,2026-10-02 12:04:49.655 +0700
tomtom:TTI-bd5d3ca8-0aaa-49a4-96fe-c79e17d4cf64-TTL93291521876019000,tomtom,6,Kemacetan,3,Berat,Stationary traffic,Jalan Lebo Agung Pandan Sari,Jalan Mohammad Noer / Jalan Putro Agung,227.68764,230.0,2026-10-02 11:53:30.000 +0700,2026-10-02 12:23:30.000 +0700,-7.2462048475,112.7718512557,2026-10-02 11:58:49.901 +0700,2026-10-02 12:04:49.655 +0700
