city,observed_hour,temperature,relative_humidity,precipitation,rain,wind_speed,weather_code,is_forecast,loaded_at
Surabaya,2026-09-26 00:00:00+00,28.7,68,0,0,19.2,2,f,2026-09-28 14:10:09.424189+00
Surabaya,2026-09-26 01:00:00+00,29.4,65,0,0,18.8,1,f,2026-09-28 14:10:09.424189+00
Surabaya,2026-09-26 02:00:00+00,29.8,65,0,0,18.4,1,f,2026-09-28 14:10:09.424189+00
Surabaya,2026-09-26 03:00:00+00,30.3,62,0,0,17.3,0,f,2026-09-28 14:10:09.424189+00
Surabaya,2026-09-26 04:00:00+00,30.9,60,0,0,17.3,0,f,2026-09-28 14:10:09.424189+00
Surabaya,2026-09-26 05:00:00+00,31.4,54,0,0,17.8,0,f,2026-09-28 14:10:09.424189+00
Surabaya,2026-09-26 06:00:00+00,31.9,49,0,0,19.6,0,f,2026-09-28 14:10:09.424189+00
Surabaya,2026-09-26 07:00:00+00,31.2,51,0,0,20.4,0,f,2026-09-28 14:10:09.424189+00
Surabaya,2026-09-26 08:00:00+00,30.5,55,0,0,19.8,0,f,2026-09-28 14:10:09.424189+00
Surabaya,2026-09-26 09:00:00+00,29.6,62,0,0,19.4,0,f,2026-09-28 14:10:09.424189+00
Surabaya,2026-09-26 10:00:00+00,28.6,69,0,0,19.5,0,f,2026-09-28 14:10:09.424189+00
Surabaya,2026-09-26 11:00:00+00,28.3,70,0,0,18.5,0,f,2026-09-28 14:10:09.424189+00
Surabaya,2026-09-26 12:00:00+00,28.5,70,0,0,17.7,0,f,2026-09-28 14:10:09.424189+00
Surabaya,2026-09-26 13:00:00+00,28.2,71,0,0,17.5,1,f,2026-09-28 14:10:09.424189+00
Surabaya,2026-09-26 14:00:00+00,28.1,71,0,0,17.3,0,f,2026-09-28 14:10:09.424189+00
Surabaya,2026-09-26 15:00:00+00,28.1,68,0,0,15.8,0,f,2026-09-28 14:10:09.424189+00
Surabaya,2026-09-26 16:00:00+00,28,67,0,0,14.1,0,f,2026-09-28 14:10:09.424189+00
Surabaya,2026-09-26 17:00:00+00,27.7,69,0,0,13,0,f,2026-09-28 14:10:09.424189+00
Surabaya,2026-09-26 18:00:00+00,27.4,72,0,0,12.3,0,f,2026-09-28 14:10:09.424189+00
Surabaya,2026-09-26 19:00:00+00,27.2,75,0,0,11.8,0,f,2026-09-28 14:10:09.424189+00
Surabaya,2026-09-26 20:00:00+00,27,76,0,0,12.1,0,f,2026-09-28 14:10:09.424189+00
Surabaya,2026-09-26 21:00:00+00,26.9,76,0,0,11.4,0,f,2026-09-28 14:10:09.424189+00
Surabaya,2026-09-26 22:00:00+00,26.8,75,0,0,11.6,2,f,2026-09-28 14:10:09.424189+00
Surabaya,2026-09-26 23:00:00+00,27.3,72,0,0,12.7,2,f,2026-09-28 14:10:09.424189+00
Surabaya,2026-09-27 00:00:00+00,28.6,68,0,0,16.2,0,f,2026-09-29 23:37:39.010914+00
Surabaya,2026-09-27 01:00:00+00,29.2,64,0,0,16.3,0,f,2026-09-29 23:37:39.010914+00
Surabaya,2026-09-27 02:00:00+00,29.9,59,0,0,17,0,f,2026-09-29 23:37:39.010914+00
Surabaya,2026-09-27 03:00:00+00,30.4,57,0,0,17.2,0,f,2026-09-29 23:37:39.010914+00
Surabaya,2026-09-27 04:00:00+00,31.1,52,0,0,16.4,0,f,2026-09-29 23:37:39.010914+00
Surabaya,2026-09-27 05:00:00+00,31.6,51,0,0,16.8,0,f,2026-09-29 23:37:39.010914+00
Surabaya,2026-09-27 06:00:00+00,32.8,40,0,0,18.3,0,f,2026-09-29 23:37:39.010914+00
Surabaya,2026-09-27 07:00:00+00,32.3,46,0,0,18,0,f,2026-09-29 23:37:39.010914+00
Surabaya,2026-09-27 08:00:00+00,31.7,49,0,0,18.6,0,f,2026-09-29 23:37:39.010914+00
Surabaya,2026-09-27 09:00:00+00,30.5,55,0,0,18.9,0,f,2026-09-29 23:37:39.010914+00
Surabaya,2026-09-27 10:00:00+00,28.9,69,0,0,19.6,0,f,2026-09-29 23:37:39.010914+00
Surabaya,2026-09-27 11:00:00+00,28.3,72,0,0,18.9,0,f,2026-09-29 23:37:39.010914+00
Surabaya,2026-09-27 12:00:00+00,28.4,75,0,0,17.8,0,f,2026-09-29 23:37:39.010914+00
Surabaya,2026-09-27 13:00:00+00,28,75,0,0,16.5,0,f,2026-09-29 23:37:39.010914+00
Surabaya,2026-09-27 14:00:00+00,27.9,73,0,0,16.6,0,f,2026-09-29 23:37:39.010914+00
Surabaya,2026-09-27 15:00:00+00,27.9,71,0,0,15.5,0,f,2026-09-29 23:37:39.010914+00
Surabaya,2026-09-27 16:00:00+00,27.7,70,0,0,14.9,0,f,2026-09-29 23:37:39.010914+00
Surabaya,2026-09-27 17:00:00+00,27.6,71,0,0,14.6,0,f,2026-09-29 23:37:39.010914+00
Surabaya,2026-09-27 18:00:00+00,27.6,70,0,0,13.2,0,f,2026-09-29 23:37:39.010914+00
Surabaya,2026-09-27 19:00:00+00,27.4,70,0,0,11.4,0,f,2026-09-29 23:37:39.010914+00
Surabaya,2026-09-27 20:00:00+00,27,74,0,0,10.2,0,f,2026-09-29 23:37:39.010914+00
Surabaya,2026-09-27 21:00:00+00,26.7,76,0,0,8.4,0,f,2026-09-29 23:37:39.010914+00
Surabaya,2026-09-27 22:00:00+00,26.4,78,0,0,6.1,0,f,2026-09-29 23:37:39.010914+00
Surabaya,2026-09-27 23:00:00+00,26.9,75,0,0,4.9,0,f,2026-09-29 23:37:39.010914+00
Surabaya,2026-09-28 00:00:00+00,28.3,70,0,0,7.8,0,f,2026-09-30 23:13:11.518883+00
Surabaya,2026-09-28 01:00:00+00,29.3,64,0,0,10.1,0,f,2026-09-30 23:13:11.518883+00
Surabaya,2026-09-28 02:00:00+00,29.9,57,0,0,12.6,0,f,2026-09-30 23:13:11.518883+00
Surabaya,2026-09-28 03:00:00+00,30.2,56,0,0,13.4,0,f,2026-09-30 23:13:11.518883+00
Surabaya,2026-09-28 04:00:00+00,30.5,56,0,0,14.2,0,f,2026-09-30 23:13:11.518883+00
Surabaya,2026-09-28 05:00:00+00,30.9,56,0,0,15.3,0,f,2026-09-30 23:13:11.518883+00
Surabaya,2026-09-28 06:00:00+00,31.4,56,0,0,17.6,0,f,2026-09-30 23:13:11.518883+00
Surabaya,2026-09-28 07:00:00+00,30.9,56,0,0,20.1,0,f,2026-09-30 23:13:11.518883+00
Surabaya,2026-09-28 08:00:00+00,30.5,56,0,0,20.7,0,f,2026-09-30 23:13:11.518883+00
Surabaya,2026-09-28 09:00:00+00,29.9,61,0,0,19.5,0,f,2026-09-30 23:13:11.518883+00
Surabaya,2026-09-28 10:00:00+00,29.2,65,0,0,18.3,0,f,2026-09-30 23:13:11.518883+00
Surabaya,2026-09-28 11:00:00+00,29,66,0,0,16.6,0,f,2026-09-30 23:13:11.518883+00
Surabaya,2026-09-28 12:00:00+00,29.3,69,0,0,16.7,3,f,2026-09-30 23:13:11.518883+00
Surabaya,2026-09-28 13:00:00+00,28.7,72,0,0,16.8,3,f,2026-09-30 23:13:11.518883+00
Surabaya,2026-09-28 14:00:00+00,28.3,75,0,0,16.4,3,f,2026-09-30 23:13:11.518883+00
Surabaya,2026-09-28 15:00:00+00,28.2,76,0,0,14.9,3,f,2026-09-30 23:13:11.518883+00
Surabaya,2026-09-28 16:00:00+00,28.1,75,0,0,14.6,3,f,2026-09-30 23:13:11.518883+00
Surabaya,2026-09-28 17:00:00+00,27.9,75,0,0,14.8,3,f,2026-09-30 23:13:11.518883+00
Surabaya,2026-09-28 18:00:00+00,27.7,76,0,0,14.4,3,f,2026-09-30 23:13:11.518883+00
Surabaya,2026-09-28 19:00:00+00,27.5,76,0,0,13.6,1,f,2026-09-30 23:13:11.518883+00
Surabaya,2026-09-28 20:00:00+00,27.4,76,0,0,13.1,0,f,2026-09-30 23:13:11.518883+00
Surabaya,2026-09-28 21:00:00+00,27.2,77,0,0,12.1,1,f,2026-09-30 23:13:11.518883+00
Surabaya,2026-09-28 22:00:00+00,27.1,76,0,0,11.6,0,f,2026-09-30 23:13:11.518883+00
Surabaya,2026-09-28 23:00:00+00,27.5,74,0,0,11.9,1,f,2026-09-30 23:13:11.518883+00
Surabaya,2026-09-29 00:00:00+00,28.7,70,0,0,15.8,1,f,2026-10-01 00:10:45.005349+00
Surabaya,2026-09-29 01:00:00+00,29.3,67,0,0,16.6,1,f,2026-10-01 00:10:45.005349+00
Surabaya,2026-09-29 02:00:00+00,29.8,66,0,0,16.4,1,f,2026-10-01 00:10:45.005349+00
Surabaya,2026-09-29 03:00:00+00,30.2,65,0,0,15.9,0,f,2026-10-01 00:10:45.005349+00
Surabaya,2026-09-29 04:00:00+00,30.5,63,0,0,15.3,0,f,2026-10-01 00:10:45.005349+00
Surabaya,2026-09-29 05:00:00+00,30.8,62,0,0,16.3,1,f,2026-10-01 00:10:45.005349+00
Surabaya,2026-09-29 06:00:00+00,31.4,58,0,0,18.5,1,f,2026-10-01 00:10:45.005349+00
Surabaya,2026-09-29 07:00:00+00,31.2,58,0,0,20.6,3,f,2026-10-01 00:10:45.005349+00
Surabaya,2026-09-29 08:00:00+00,30.7,60,0,0,20,3,f,2026-10-01 00:10:45.005349+00
Surabaya,2026-09-29 09:00:00+00,29.8,64,0,0,18.2,3,f,2026-10-01 00:10:45.005349+00
Surabaya,2026-09-29 10:00:00+00,29,68,0,0,17.6,3,f,2026-10-01 00:10:45.005349+00
Surabaya,2026-09-29 11:00:00+00,28.5,72,0,0,19.6,2,f,2026-10-01 00:10:45.005349+00
Surabaya,2026-09-29 12:00:00+00,28.8,75,0,0,19.8,2,f,2026-10-01 00:10:45.005349+00
Surabaya,2026-09-29 13:00:00+00,28.5,73,0,0,18.7,1,f,2026-10-01 00:10:45.005349+00
Surabaya,2026-09-29 14:00:00+00,28.2,72,0,0,17.6,0,f,2026-10-01 00:10:45.005349+00
Surabaya,2026-09-29 15:00:00+00,28.1,71,0,0,17.7,0,f,2026-10-01 00:10:45.005349+00
Surabaya,2026-09-29 16:00:00+00,27.9,71,0,0,17.5,0,f,2026-10-01 00:10:45.005349+00
Surabaya,2026-09-29 17:00:00+00,27.8,70,0,0,15.5,0,f,2026-10-01 00:10:45.005349+00
Surabaya,2026-09-29 18:00:00+00,27.5,69,0,0,13.6,0,f,2026-10-01 00:10:45.005349+00
Surabaya,2026-09-29 19:00:00+00,27.3,70,0,0,11.8,2,f,2026-10-01 00:10:45.005349+00
Surabaya,2026-09-29 20:00:00+00,27.2,70,0,0,10.7,3,f,2026-10-01 00:10:45.005349+00
Surabaya,2026-09-29 21:00:00+00,27.1,69,0,0,10.5,3,f,2026-10-01 00:10:45.005349+00
Surabaya,2026-09-29 22:00:00+00,27.2,68,0,0,11.9,3,f,2026-10-01 00:10:45.005349+00
Surabaya,2026-09-29 23:00:00+00,27.7,67,0,0,13.7,2,f,2026-10-01 00:10:45.005349+00
Surabaya,2026-09-30 00:00:00+00,28.8,66,0,0,16.3,2,f,2026-10-01 00:10:45.005349+00
Surabaya,2026-09-30 01:00:00+00,29.6,61,0,0,15.7,2,f,2026-10-01 00:10:45.005349+00
Surabaya,2026-09-30 02:00:00+00,30.3,58,0,0,15.5,1,f,2026-10-01 00:10:45.005349+00
Surabaya,2026-09-30 03:00:00+00,31,52,0,0,15.7,1,f,2026-10-01 00:10:45.005349+00
Surabaya,2026-09-30 04:00:00+00,31.4,51,0,0,14.9,1,f,2026-10-01 00:10:45.005349+00
Surabaya,2026-09-30 05:00:00+00,31.6,51,0,0,15,1,f,2026-10-01 00:10:45.005349+00
Surabaya,2026-09-30 06:00:00+00,32.6,42,0,0,18.4,1,f,2026-10-01 00:10:45.005349+00
Surabaya,2026-09-30 07:00:00+00,32.1,42,0,0,20.4,1,f,2026-10-01 00:10:45.005349+00
Surabaya,2026-09-30 08:00:00+00,31.4,47,0,0,19.9,0,f,2026-10-01 00:10:45.005349+00
Surabaya,2026-09-30 09:00:00+00,30.2,58,0,0,18.9,0,f,2026-10-01 00:10:45.005349+00
Surabaya,2026-09-30 10:00:00+00,29.2,64,0,0,18.5,0,f,2026-10-01 00:10:45.005349+00
Surabaya,2026-09-30 11:00:00+00,28.9,65,0,0,17.7,0,f,2026-10-01 00:10:45.005349+00
Surabaya,2026-09-30 12:00:00+00,29.3,63,0,0,17.6,0,f,2026-10-01 00:10:45.005349+00
Surabaya,2026-09-30 13:00:00+00,28.9,66,0,0,18.2,0,f,2026-10-01 00:10:45.005349+00
Surabaya,2026-09-30 14:00:00+00,28.4,68,0,0,17.2,0,f,2026-10-01 00:10:45.005349+00
Surabaya,2026-09-30 15:00:00+00,28.3,70,0,0,16,0,f,2026-10-01 00:10:45.005349+00
Surabaya,2026-09-30 16:00:00+00,28.4,69,0,0,15.6,0,f,2026-10-01 00:10:45.005349+00
Surabaya,2026-09-30 17:00:00+00,28.2,68,0,0,14.4,0,f,2026-10-01 00:10:45.005349+00
Surabaya,2026-09-30 18:00:00+00,28,70,0,0,12.3,0,f,2026-10-01 00:10:45.005349+00
Surabaya,2026-09-30 19:00:00+00,27.5,73,0,0,10.1,0,f,2026-10-01 00:10:45.005349+00
Surabaya,2026-09-30 20:00:00+00,27.1,76,0,0,7.4,0,f,2026-10-01 00:10:45.005349+00
Surabaya,2026-09-30 21:00:00+00,26.5,78,0,0,5.7,0,f,2026-10-01 00:10:45.005349+00
Surabaya,2026-09-30 22:00:00+00,25.9,80,0,0,5.2,0,f,2026-10-01 00:10:45.005349+00
Surabaya,2026-09-30 23:00:00+00,26.2,74,0,0,5.6,0,f,2026-10-01 00:10:45.005349+00
Surabaya,2026-10-01 00:00:00+00,28.4,62,0,0,4.1,0,f,2026-10-01 00:10:45.005349+00
Surabaya,2026-10-01 01:00:00+00,30.1,56,0,0,1.3,0,t,2026-10-01 00:10:45.005349+00
Surabaya,2026-10-01 02:00:00+00,31.3,50,0,0,6.4,0,t,2026-10-01 00:10:45.005349+00
Surabaya,2026-10-01 03:00:00+00,31.9,49,0,0,10.2,0,t,2026-10-01 00:10:45.005349+00
Surabaya,2026-10-01 04:00:00+00,32.3,46,0,0,12.1,0,t,2026-10-01 00:10:45.005349+00
Surabaya,2026-10-01 05:00:00+00,32.6,44,0,0,13.2,0,t,2026-10-01 00:10:45.005349+00
Surabaya,2026-10-01 06:00:00+00,32.7,45,0,0,14,0,t,2026-10-01 00:10:45.005349+00
Surabaya,2026-10-01 07:00:00+00,32.4,48,0,0,15.3,0,t,2026-10-01 00:10:45.005349+00
Surabaya,2026-10-01 08:00:00+00,32.1,50,0,0,15.4,0,t,2026-10-01 00:10:45.005349+00
Surabaya,2026-10-01 09:00:00+00,30.9,56,0,0,17.2,0,t,2026-10-01 00:10:45.005349+00
Surabaya,2026-10-01 10:00:00+00,29.9,60,0,0,18.1,0,t,2026-10-01 00:10:45.005349+00
Surabaya,2026-10-01 11:00:00+00,29.7,64,0,0,15.6,0,t,2026-10-01 00:10:45.005349+00
Surabaya,2026-10-01 12:00:00+00,29.2,69,0,0,14.6,0,t,2026-10-01 00:10:45.005349+00
Surabaya,2026-10-01 13:00:00+00,28.8,71,0,0,14.5,0,t,2026-10-01 00:10:45.005349+00
Surabaya,2026-10-01 14:00:00+00,28.7,70,0,0,13.4,0,t,2026-10-01 00:10:45.005349+00
Surabaya,2026-10-01 15:00:00+00,28.4,72,0,0,12.7,0,t,2026-10-01 00:10:45.005349+00
Surabaya,2026-10-01 16:00:00+00,28.1,74,0,0,11.5,0,t,2026-10-01 00:10:45.005349+00
Surabaya,2026-10-01 17:00:00+00,27.8,76,0,0,10.6,1,t,2026-10-01 00:10:45.005349+00
Surabaya,2026-10-01 18:00:00+00,27.7,76,0,0,10.5,2,t,2026-10-01 00:10:45.005349+00
Surabaya,2026-10-01 19:00:00+00,27.7,75,0,0,9.6,2,t,2026-10-01 00:10:45.005349+00
Surabaya,2026-10-01 20:00:00+00,27.5,76,0,0,8.5,2,t,2026-10-01 00:10:45.005349+00
Surabaya,2026-10-01 21:00:00+00,27.1,78,0.1,0.1,6.2,51,t,2026-10-01 00:10:45.005349+00
Surabaya,2026-10-01 22:00:00+00,26.9,80,0.1,0.1,3.6,51,t,2026-10-01 00:10:45.005349+00
Surabaya,2026-10-01 23:00:00+00,27.4,77,0.1,0.1,1.3,51,t,2026-10-01 00:10:45.005349+00
Surabaya,2026-10-02 00:00:00+00,28.5,71,0.1,0.1,3.9,51,t,2026-10-01 00:10:45.005349+00
Surabaya,2026-10-02 01:00:00+00,29.8,64,0,0,7.5,1,t,2026-10-01 00:10:45.005349+00
Surabaya,2026-10-02 02:00:00+00,30.6,60,0,0,9.5,0,t,2026-10-01 00:10:45.005349+00
Surabaya,2026-10-02 03:00:00+00,31.3,55,0,0,10.8,0,t,2026-10-01 00:10:45.005349+00
Surabaya,2026-10-02 04:00:00+00,31.7,50,0,0,11.8,0,t,2026-10-01 00:10:45.005349+00
Surabaya,2026-10-02 05:00:00+00,32.1,48,0,0,11.7,0,t,2026-10-01 00:10:45.005349+00
Surabaya,2026-10-02 06:00:00+00,32.5,45,0,0,13.8,0,t,2026-10-01 00:10:45.005349+00
Surabaya,2026-10-02 07:00:00+00,31.9,48,0,0,16.8,0,t,2026-10-01 00:10:45.005349+00
Surabaya,2026-10-02 08:00:00+00,30.9,55,0,0,17.6,0,t,2026-10-01 00:10:45.005349+00
Surabaya,2026-10-02 09:00:00+00,30.1,60,0,0,16.1,1,t,2026-10-01 00:10:45.005349+00
Surabaya,2026-10-02 10:00:00+00,29.3,67,0,0,15.8,2,t,2026-10-01 00:10:45.005349+00
Surabaya,2026-10-02 11:00:00+00,29.2,66,0,0,15.9,2,t,2026-10-01 00:10:45.005349+00
Surabaya,2026-10-02 12:00:00+00,29.1,62,0,0,15.8,1,t,2026-10-01 00:10:45.005349+00
Surabaya,2026-10-02 13:00:00+00,28.7,65,0,0,15,2,t,2026-10-01 00:10:45.005349+00
Surabaya,2026-10-02 14:00:00+00,28.5,69,0,0,13.8,2,t,2026-10-01 00:10:45.005349+00
Surabaya,2026-10-02 15:00:00+00,28.2,73,0,0,12,1,t,2026-10-01 00:10:45.005349+00
Surabaya,2026-10-02 16:00:00+00,28,74,0,0,11.5,0,t,2026-10-01 00:10:45.005349+00
Surabaya,2026-10-02 17:00:00+00,27.8,74,0,0,10.8,0,t,2026-10-01 00:10:45.005349+00
Surabaya,2026-10-02 18:00:00+00,27.5,75,0,0,9,1,t,2026-10-01 00:10:45.005349+00
Surabaya,2026-10-02 19:00:00+00,27.2,76,0,0,6.4,3,t,2026-10-01 00:10:45.005349+00
Surabaya,2026-10-02 20:00:00+00,26.7,79,0,0,4,3,t,2026-10-01 00:10:45.005349+00
Surabaya,2026-10-02 21:00:00+00,26.3,82,0.1,0,2.4,51,t,2026-10-01 00:10:45.005349+00
Surabaya,2026-10-02 22:00:00+00,26.2,84,0.1,0,1.5,51,t,2026-10-01 00:10:45.005349+00
Surabaya,2026-10-02 23:00:00+00,26.4,84,0.1,0,2,51,t,2026-10-01 00:10:45.005349+00
