city,observed_hour,pm2_5,pm10,carbon_monoxide,nitrogen_dioxide,us_aqi,is_forecast,loaded_at
Surabaya,2026-09-26 00:00:00+00,31.8,35.5,418,22.8,79,f,2026-09-28 14:10:09.443978+00
Surabaya,2026-09-26 01:00:00+00,22.4,26.3,401,17.8,79,f,2026-09-28 14:10:09.443978+00
Surabaya,2026-09-26 02:00:00+00,18.1,21.8,342,10.9,78,f,2026-09-28 14:10:09.443978+00
Surabaya,2026-09-26 03:00:00+00,14.2,17.3,297,5.8,78,f,2026-09-28 14:10:09.443978+00
Surabaya,2026-09-26 04:00:00+00,10,11.9,283,3.9,77,f,2026-09-28 14:10:09.443978+00
Surabaya,2026-09-26 05:00:00+00,8,9.4,282,3.8,77,f,2026-09-28 14:10:09.443978+00
Surabaya,2026-09-26 06:00:00+00,8,9.4,296,4.4,77,f,2026-09-28 14:10:09.443978+00
Surabaya,2026-09-26 07:00:00+00,8.9,10.5,342,5.5,77,f,2026-09-28 14:10:09.443978+00
Surabaya,2026-09-26 08:00:00+00,10.1,12.1,403,7.4,77,f,2026-09-28 14:10:09.443978+00
Surabaya,2026-09-26 09:00:00+00,11.2,13.5,432,9.8,77,f,2026-09-28 14:10:09.443978+00
Surabaya,2026-09-26 10:00:00+00,12.6,15,397,13.2,76,f,2026-09-28 14:10:09.443978+00
Surabaya,2026-09-26 11:00:00+00,14.8,17.3,329,17,76,f,2026-09-28 14:10:09.443978+00
Surabaya,2026-09-26 12:00:00+00,15.5,18.4,276,15.6,76,f,2026-09-28 14:10:09.443978+00
Surabaya,2026-09-26 13:00:00+00,15.4,18,264,15.7,76,f,2026-09-28 14:10:09.443978+00
Surabaya,2026-09-26 14:00:00+00,14.3,16.3,267,15.9,75,f,2026-09-28 14:10:09.443978+00
Surabaya,2026-09-26 15:00:00+00,14,15.6,258,15.8,75,f,2026-09-28 14:10:09.443978+00
Surabaya,2026-09-26 16:00:00+00,13.9,15.4,219,15.1,75,f,2026-09-28 14:10:09.443978+00
Surabaya,2026-09-26 17:00:00+00,14.1,15.6,168,14.2,74,f,2026-09-28 14:10:09.443978+00
Surabaya,2026-09-26 18:00:00+00,15.2,16.8,133,14.3,74,f,2026-09-28 14:10:09.443978+00
Surabaya,2026-09-26 19:00:00+00,18.1,19.6,122,16.3,73,f,2026-09-28 14:10:09.443978+00
Surabaya,2026-09-26 20:00:00+00,21.9,23.5,128,19.2,73,f,2026-09-28 14:10:09.443978+00
Surabaya,2026-09-26 21:00:00+00,27.4,29.1,158,21.5,71,f,2026-09-28 14:10:09.443978+00
Surabaya,2026-09-26 22:00:00+00,34.9,36.8,237,22.9,70,f,2026-09-28 14:10:09.443978+00
Surabaya,2026-09-26 23:00:00+00,47,48.9,339,23.6,68,f,2026-09-28 14:10:09.443978+00
Surabaya,2026-09-27 00:00:00+00,25.3,28.2,399,20.2,66,f,2026-09-29 23:37:39.011131+00
Surabaya,2026-09-27 01:00:00+00,21,24.7,375,16,66,f,2026-09-29 23:37:39.011131+00
Surabaya,2026-09-27 02:00:00+00,18.8,22.6,309,10.3,66,f,2026-09-29 23:37:39.011131+00
Surabaya,2026-09-27 03:00:00+00,16.6,20.4,255,5.9,66,f,2026-09-29 23:37:39.011131+00
Surabaya,2026-09-27 04:00:00+00,13.6,16.6,230,4.1,66,f,2026-09-29 23:37:39.011131+00
Surabaya,2026-09-27 05:00:00+00,11.4,13.7,217,3.7,66,f,2026-09-29 23:37:39.011131+00
Surabaya,2026-09-27 06:00:00+00,10.6,12.9,221,4,66,f,2026-09-29 23:37:39.011131+00
Surabaya,2026-09-27 07:00:00+00,10.7,13.2,258,4.9,67,f,2026-09-29 23:37:39.011131+00
Surabaya,2026-09-27 08:00:00+00,11.9,14.9,311,6.6,67,f,2026-09-29 23:37:39.011131+00
Surabaya,2026-09-27 09:00:00+00,13.6,17,340,8.9,67,f,2026-09-29 23:37:39.011131+00
Surabaya,2026-09-27 10:00:00+00,15.4,18.7,318,12.3,67,f,2026-09-29 23:37:39.011131+00
Surabaya,2026-09-27 11:00:00+00,18,21.5,271,16.3,67,f,2026-09-29 23:37:39.011131+00
Surabaya,2026-09-27 12:00:00+00,16.7,20,232,14.1,68,f,2026-09-29 23:37:39.011131+00
Surabaya,2026-09-27 13:00:00+00,19.7,23,215,15.3,68,f,2026-09-29 23:37:39.011131+00
Surabaya,2026-09-27 14:00:00+00,22.2,25.7,207,17,68,f,2026-09-29 23:37:39.011131+00
Surabaya,2026-09-27 15:00:00+00,22.6,25.4,195,18.3,69,f,2026-09-29 23:37:39.011131+00
Surabaya,2026-09-27 16:00:00+00,22.5,25.3,172,18.5,69,f,2026-09-29 23:37:39.011131+00
Surabaya,2026-09-27 17:00:00+00,23.5,26.2,145,18.3,70,f,2026-09-29 23:37:39.011131+00
Surabaya,2026-09-27 18:00:00+00,26.8,29.6,131,18.9,71,f,2026-09-29 23:37:39.011131+00
Surabaya,2026-09-27 19:00:00+00,32.1,34.9,133,21.1,72,f,2026-09-29 23:37:39.011131+00
Surabaya,2026-09-27 20:00:00+00,38.3,41.1,147,24.2,73,f,2026-09-29 23:37:39.011131+00
Surabaya,2026-09-27 21:00:00+00,45.5,47.8,173,27.1,74,f,2026-09-29 23:37:39.011131+00
Surabaya,2026-09-27 22:00:00+00,58,60.5,219,30.4,75,f,2026-09-29 23:37:39.011131+00
Surabaya,2026-09-27 23:00:00+00,75,76.8,276,33.5,77,f,2026-09-29 23:37:39.011131+00
Surabaya,2026-09-28 00:00:00+00,34.9,38.2,320,19.9,79,f,2026-09-30 23:13:11.51933+00
Surabaya,2026-09-28 01:00:00+00,25.4,29,338,16.9,80,f,2026-09-30 23:13:11.51933+00
Surabaya,2026-09-28 02:00:00+00,23.7,28.2,343,12.6,80,f,2026-09-30 23:13:11.51933+00
Surabaya,2026-09-28 03:00:00+00,22.5,26.9,345,9.2,81,f,2026-09-30 23:13:11.51933+00
Surabaya,2026-09-28 04:00:00+00,20.4,23.5,343,7.2,81,f,2026-09-30 23:13:11.51933+00
Surabaya,2026-09-28 05:00:00+00,17.9,20,339,6,82,f,2026-09-30 23:13:11.51933+00
Surabaya,2026-09-28 06:00:00+00,15.9,17.9,352,5.9,82,f,2026-09-30 23:13:11.51933+00
Surabaya,2026-09-28 07:00:00+00,14.8,17.5,406,7,83,f,2026-09-30 23:13:11.51933+00
Surabaya,2026-09-28 08:00:00+00,13.6,15.9,477,9.2,83,f,2026-09-30 23:13:11.51933+00
Surabaya,2026-09-28 09:00:00+00,13.9,16.2,513,12.8,83,f,2026-09-30 23:13:11.51933+00
Surabaya,2026-09-28 10:00:00+00,15.9,18,481,18.9,83,f,2026-09-30 23:13:11.51933+00
Surabaya,2026-09-28 11:00:00+00,19.2,21.1,415,26.3,83,f,2026-09-30 23:13:11.51933+00
Surabaya,2026-09-28 12:00:00+00,18.9,20.2,357,23.5,83,f,2026-09-30 23:13:11.51933+00
Surabaya,2026-09-28 13:00:00+00,18,19.3,327,22.6,84,f,2026-09-30 23:13:11.51933+00
Surabaya,2026-09-28 14:00:00+00,17.8,19.1,307,21.2,83,f,2026-09-30 23:13:11.51933+00
Surabaya,2026-09-28 15:00:00+00,17.6,18.9,282,19.8,83,f,2026-09-30 23:13:11.51933+00
Surabaya,2026-09-28 16:00:00+00,16.4,17.6,242,18,83,f,2026-09-30 23:13:11.51933+00
Surabaya,2026-09-28 17:00:00+00,15.9,17.1,198,16.2,82,f,2026-09-30 23:13:11.51933+00
Surabaya,2026-09-28 18:00:00+00,16.6,17.9,170,15.8,82,f,2026-09-30 23:13:11.51933+00
Surabaya,2026-09-28 19:00:00+00,19.8,21.2,162,18.2,81,f,2026-09-30 23:13:11.51933+00
Surabaya,2026-09-28 20:00:00+00,26.1,27.6,170,22,80,f,2026-09-30 23:13:11.51933+00
Surabaya,2026-09-28 21:00:00+00,33.2,34.7,201,24.9,79,f,2026-09-30 23:13:11.51933+00
Surabaya,2026-09-28 22:00:00+00,40.5,42,280,26.4,78,f,2026-09-30 23:13:11.51933+00
Surabaya,2026-09-28 23:00:00+00,52.7,54.2,382,27.1,77,f,2026-09-30 23:13:11.51933+00
Surabaya,2026-09-29 00:00:00+00,23.5,26.3,443,18.7,75,f,2026-10-01 00:10:45.00184+00
Surabaya,2026-09-29 01:00:00+00,17.8,20.8,421,15.6,74,f,2026-10-01 00:10:45.00184+00
Surabaya,2026-09-29 02:00:00+00,16.4,20,357,11.2,73,f,2026-10-01 00:10:45.00184+00
Surabaya,2026-09-29 03:00:00+00,16.1,19.7,314,7.8,73,f,2026-10-01 00:10:45.00184+00
Surabaya,2026-09-29 04:00:00+00,15.7,18.6,316,6,72,f,2026-10-01 00:10:45.00184+00
Surabaya,2026-09-29 05:00:00+00,15.7,18.3,339,5.2,72,f,2026-10-01 00:10:45.00184+00
Surabaya,2026-09-29 06:00:00+00,16.6,19.3,373,5.4,72,f,2026-10-01 00:10:45.00184+00
Surabaya,2026-09-29 07:00:00+00,18.6,21.5,434,6.6,72,f,2026-10-01 00:10:45.00184+00
Surabaya,2026-09-29 08:00:00+00,20.8,24.2,506,8.9,72,f,2026-10-01 00:10:45.00184+00
Surabaya,2026-09-29 09:00:00+00,22.4,25.5,535,12.4,73,f,2026-10-01 00:10:45.00184+00
Surabaya,2026-09-29 10:00:00+00,25.3,28.6,480,18.2,73,f,2026-10-01 00:10:45.00184+00
Surabaya,2026-09-29 11:00:00+00,29.2,32.5,383,25.1,74,f,2026-10-01 00:10:45.00184+00
Surabaya,2026-09-29 12:00:00+00,21.8,23.4,310,22.5,75,f,2026-10-01 00:10:45.00184+00
Surabaya,2026-09-29 13:00:00+00,22.8,24.6,297,21.8,75,f,2026-10-01 00:10:45.00184+00
Surabaya,2026-09-29 14:00:00+00,23.5,25.2,309,20.9,75,f,2026-10-01 00:10:45.00184+00
Surabaya,2026-09-29 15:00:00+00,24.5,26.1,312,20,76,f,2026-10-01 00:10:45.00184+00
Surabaya,2026-09-29 16:00:00+00,25.3,27,285,18.9,76,f,2026-10-01 00:10:45.00184+00
Surabaya,2026-09-29 17:00:00+00,26.5,28.5,248,17.8,77,f,2026-10-01 00:10:45.00184+00
Surabaya,2026-09-29 18:00:00+00,29.5,31.7,226,17.7,78,f,2026-10-01 00:10:45.00184+00
Surabaya,2026-09-29 19:00:00+00,34.5,36.8,227,19.5,79,f,2026-10-01 00:10:45.00184+00
Surabaya,2026-09-29 20:00:00+00,40.5,43.1,244,22.3,80,f,2026-10-01 00:10:45.00184+00
Surabaya,2026-09-29 21:00:00+00,46,48.8,280,24.5,81,f,2026-10-01 00:10:45.00184+00
Surabaya,2026-09-29 22:00:00+00,52,54.9,357,26,82,f,2026-10-01 00:10:45.00184+00
Surabaya,2026-09-29 23:00:00+00,63.6,66.6,453,26.9,83,f,2026-10-01 00:10:45.00184+00
Surabaya,2026-09-30 00:00:00+00,54.7,60.1,507,20.2,84,f,2026-10-01 00:10:45.00184+00
Surabaya,2026-09-30 01:00:00+00,45.6,51.2,477,16.4,86,f,2026-10-01 00:10:45.00184+00
Surabaya,2026-09-30 02:00:00+00,41,46.3,406,11.2,89,f,2026-10-01 00:10:45.00184+00
Surabaya,2026-09-30 03:00:00+00,36.2,41.4,353,7.2,91,f,2026-10-01 00:10:45.00184+00
Surabaya,2026-09-30 04:00:00+00,30.7,34.8,343,5.4,92,f,2026-10-01 00:10:45.00184+00
Surabaya,2026-09-30 05:00:00+00,26,28.8,351,4.7,93,f,2026-10-01 00:10:45.00184+00
Surabaya,2026-09-30 06:00:00+00,23.2,25.8,373,5.2,94,f,2026-10-01 00:10:45.00184+00
Surabaya,2026-09-30 07:00:00+00,22,24.4,419,6.5,95,f,2026-10-01 00:10:45.00184+00
Surabaya,2026-09-30 08:00:00+00,22.5,25,477,8.9,95,f,2026-10-01 00:10:45.00184+00
Surabaya,2026-09-30 09:00:00+00,24.2,26.8,507,13,95,f,2026-10-01 00:10:45.00184+00
Surabaya,2026-09-30 10:00:00+00,28.9,31.8,477,20.3,95,f,2026-10-01 00:10:45.00184+00
Surabaya,2026-09-30 11:00:00+00,35.6,38.8,418,29.2,95,f,2026-10-01 00:10:45.00184+00
Surabaya,2026-09-30 12:00:00+00,40.4,44.5,380,25.5,96,f,2026-10-01 00:10:45.00184+00
Surabaya,2026-09-30 13:00:00+00,41,45.2,394,24.9,97,f,2026-10-01 00:10:45.00184+00
Surabaya,2026-09-30 14:00:00+00,42,46.3,430,24.1,99,f,2026-10-01 00:10:45.00184+00
Surabaya,2026-09-30 15:00:00+00,42.8,47.3,442,23.5,100,f,2026-10-01 00:10:45.00184+00
Surabaya,2026-09-30 16:00:00+00,43.5,48.2,378,23,102,f,2026-10-01 00:10:45.00184+00
Surabaya,2026-09-30 17:00:00+00,46,50.9,291,22.8,104,f,2026-10-01 00:10:45.00184+00
Surabaya,2026-09-30 18:00:00+00,49.7,54.4,296,24,106,f,2026-10-01 00:10:45.00184+00
Surabaya,2026-09-30 19:00:00+00,55.6,59.8,457,27.7,108,f,2026-10-01 00:10:45.00184+00
Surabaya,2026-09-30 20:00:00+00,65.7,70.1,710,32.9,111,f,2026-10-01 00:10:45.00184+00
Surabaya,2026-09-30 21:00:00+00,79.9,84.8,980,37.6,113,f,2026-10-01 00:10:45.00184+00
Surabaya,2026-09-30 22:00:00+00,99.9,105,1303,42.4,117,f,2026-10-01 00:10:45.00184+00
Surabaya,2026-09-30 23:00:00+00,128.1,132.7,1642,46.7,122,f,2026-10-01 00:10:45.00184+00
Surabaya,2026-10-01 00:00:00+00,86.6,92.4,1810,47,128,f,2026-10-01 00:10:45.00184+00
Surabaya,2026-10-01 01:00:00+00,59.8,68,1680,40.1,132,t,2026-10-01 00:10:45.00184+00
Surabaya,2026-10-01 02:00:00+00,55.5,64.5,1378,29.2,133,t,2026-10-01 00:10:45.00184+00
Surabaya,2026-10-01 03:00:00+00,51.5,57.6,1101,20,135,t,2026-10-01 00:10:45.00184+00
Surabaya,2026-10-01 04:00:00+00,51.2,53.9,898,14.3,136,t,2026-10-01 00:10:45.00184+00
Surabaya,2026-10-01 05:00:00+00,53.7,56.3,719,10.4,139,t,2026-10-01 00:10:45.00184+00
Surabaya,2026-10-01 06:00:00+00,53.6,56,606,8.5,141,t,2026-10-01 00:10:45.00184+00
Surabaya,2026-10-01 07:00:00+00,51,53.4,609,9.1,145,t,2026-10-01 00:10:45.00184+00
Surabaya,2026-10-01 08:00:00+00,46.4,48.9,677,11.8,148,t,2026-10-01 00:10:45.00184+00
Surabaya,2026-10-01 09:00:00+00,44.5,46.9,701,15.4,175,t,2026-10-01 00:10:45.00184+00
Surabaya,2026-10-01 10:00:00+00,46.2,48.7,615,20.3,191,t,2026-10-01 00:10:45.00184+00
Surabaya,2026-10-01 11:00:00+00,45.5,47.7,485,26.1,194,t,2026-10-01 00:10:45.00184+00
Surabaya,2026-10-01 12:00:00+00,39.8,42.1,395,31,184,t,2026-10-01 00:10:45.00184+00
Surabaya,2026-10-01 13:00:00+00,38.5,42.3,395,34,165,t,2026-10-01 00:10:45.00184+00
Surabaya,2026-10-01 14:00:00+00,39.2,42.8,435,36.1,151,t,2026-10-01 00:10:45.00184+00
Surabaya,2026-10-01 15:00:00+00,43,46.3,449,38.1,151,t,2026-10-01 00:10:45.00184+00
Surabaya,2026-10-01 16:00:00+00,47.8,51.2,389,39.7,151,t,2026-10-01 00:10:45.00184+00
Surabaya,2026-10-01 17:00:00+00,52.9,56.3,303,41.1,151,t,2026-10-01 00:10:45.00184+00
Surabaya,2026-10-01 18:00:00+00,59.6,63.1,272,44.2,152,t,2026-10-01 00:10:45.00184+00
Surabaya,2026-10-01 19:00:00+00,72.2,75.9,325,51.5,152,t,2026-10-01 00:10:45.00184+00
Surabaya,2026-10-01 20:00:00+00,89.9,93.6,433,60.4,152,t,2026-10-01 00:10:45.00184+00
Surabaya,2026-10-01 21:00:00+00,109.7,113.6,590,65,153,t,2026-10-01 00:10:45.00184+00
Surabaya,2026-10-01 22:00:00+00,132.2,136.4,876,62.2,154,t,2026-10-01 00:10:45.00184+00
Surabaya,2026-10-01 23:00:00+00,162.5,166.2,1211,55.1,155,t,2026-10-01 00:10:45.00184+00
Surabaya,2026-10-02 00:00:00+00,70.5,75.9,1353,46.7,156,t,2026-10-01 00:10:45.00184+00
Surabaya,2026-10-02 01:00:00+00,46.8,52.9,1117,37,155,t,2026-10-01 00:10:45.00184+00
Surabaya,2026-10-02 02:00:00+00,42.8,48.7,688,26.1,155,t,2026-10-01 00:10:45.00184+00
Surabaya,2026-10-02 03:00:00+00,38.8,42.1,382,17.3,155,t,2026-10-01 00:10:45.00184+00
Surabaya,2026-10-02 04:00:00+00,38.2,40.3,344,11.9,154,t,2026-10-01 00:10:45.00184+00
Surabaya,2026-10-02 05:00:00+00,37.4,39.3,429,8.5,154,t,2026-10-01 00:10:45.00184+00
Surabaya,2026-10-02 06:00:00+00,34.8,36.7,517,7,153,t,2026-10-01 00:10:45.00184+00
Surabaya,2026-10-02 07:00:00+00,31.5,33.4,588,7.5,153,t,2026-10-01 00:10:45.00184+00
Surabaya,2026-10-02 08:00:00+00,28.1,30,662,9.8,152,t,2026-10-01 00:10:45.00184+00
Surabaya,2026-10-02 09:00:00+00,26.8,30.5,685,12.9,152,t,2026-10-01 00:10:45.00184+00
Surabaya,2026-10-02 10:00:00+00,25.6,29.3,609,17,151,t,2026-10-01 00:10:45.00184+00
Surabaya,2026-10-02 11:00:00+00,26.9,30.3,482,21.9,151,t,2026-10-01 00:10:45.00184+00
Surabaya,2026-10-02 12:00:00+00,27.6,30.7,391,25.8,150,t,2026-10-01 00:10:45.00184+00
Surabaya,2026-10-02 13:00:00+00,28.3,31.2,384,27.5,149,t,2026-10-01 00:10:45.00184+00
Surabaya,2026-10-02 14:00:00+00,30.3,32.9,413,28.1,148,t,2026-10-01 00:10:45.00184+00
Surabaya,2026-10-02 15:00:00+00,32.8,35.4,419,29.2,147,t,2026-10-01 00:10:45.00184+00
Surabaya,2026-10-02 16:00:00+00,38.4,40.9,346,31.4,146,t,2026-10-01 00:10:45.00184+00
Surabaya,2026-10-02 17:00:00+00,45.1,47.4,251,34.1,145,t,2026-10-01 00:10:45.00184+00
Surabaya,2026-10-02 18:00:00+00,55.3,57.4,245,37.1,144,t,2026-10-01 00:10:45.00184+00
Surabaya,2026-10-02 19:00:00+00,60.1,61.9,401,41.1,144,t,2026-10-01 00:10:45.00184+00
Surabaya,2026-10-02 20:00:00+00,67.1,68.9,646,45.4,143,t,2026-10-01 00:10:45.00184+00
Surabaya,2026-10-02 21:00:00+00,77.8,79.4,878,47.6,140,t,2026-10-01 00:10:45.00184+00
Surabaya,2026-10-02 22:00:00+00,96.9,98.5,1110,46.8,137,t,2026-10-01 00:10:45.00184+00
Surabaya,2026-10-02 23:00:00+00,105.9,107.8,1329,43.9,133,t,2026-10-01 00:10:45.00184+00
